區別,幼兒園名稱,核准設立日期,設立許可文號,幼兒園電話,幼兒園住址,核定總招收人數
新營區,臺南市新營區新進國民小學附設幼兒園,1977/10/19,府教國字第112219號,(06)6330651,[730]臺南市新營區忠政里11鄰中正路41號,60
新營區,臺南市新營區新營國民小學附設幼兒園,1977/10/19,府教國字第112219號,(06)6326109,[730]臺南市新營區大宏里13鄰中正路4號,120
新營區,臺南市新營區土庫國民小學附設幼兒園,1978/08/09,府教國字第87835號,(06)6362323#127,[730]臺南市新營區土庫里8鄰71-1號,30
新營區,臺南市新營區公誠國民小學附設幼兒園,1980/07/22,府教國字第81053號,(06)6333689,[730]臺南市新營區興業里4鄰公誠街5號,60
新營區,臺南市新營區新興國民小學附設幼兒園,1978/08/09,府教國字第87835號,(06)6523779#208,[730]臺南市新營區太南里19鄰316號,30
新營區,臺南市新營區南梓實驗小學附設幼兒園,1980/07/22,府教國字第81053號,(06)6590607#10,[730]臺南市新營區南紙里11鄰太子路188號,120
新營區,臺南市新營區新橋國民小學附設幼兒園,2017/08/01,南市教特(一)字第1060919098B號,(06)6581343#20,[730]臺南市新營區鐵線里1鄰1號,30
新營區,臺南市新營區新生國民小學附設幼兒園,2020/08/01,南市教特(一)字第1091065256K號,(06)6552524#17,[730]臺南市新營區姑爺里6鄰52號,15
新營區,臺南市新營區新民國民小學附設幼兒園,1980/07/22,府教國字第81053號,(06)6590541#10,[730]臺南市新營區新南里6鄰秦漢街118號,53
新營區,臺南市新營區新泰國民小學附設幼兒園,2002/06/11,府教特字第92436號,(06)6330496#702,[730]臺南市新營區新東里15鄰東學路77號,60
鹽水區,臺南市鹽水區鹽水國民小學附設幼兒園,1977/10/19,府教國字第112219號,(06)6528217#10,[737]臺南市鹽水區水秀里7鄰朝琴路137號,90
鹽水區,臺南市鹽水區月津國民小學附設幼兒園,1986/08/19,府教國字第99305號,(06)6521061,[737]臺南市鹽水區橋南里15鄰月津路16號,60
鹽水區,臺南市鹽水區仁光國民小學附設幼兒園,1998/12/16,府教國字第222383號,(06)6523620#27,[737]臺南市鹽水區舊營里3鄰117號,30
鹽水區,臺南市鹽水區岸內國民小學附設幼兒園,1977/10/19,府教國字第112219號,(06)6520651,[737]臺南市鹽水區岸內里14鄰新岸內96號,30
鹽水區,臺南市鹽水區歡雅國民小學附設幼兒園,1978/08/09,府教國字第87835號,(06)6552225,[737]臺南市鹽水區歡雅里2鄰31號,30
鹽水區,臺南市鹽水區文昌國民小學附設幼兒園,1980/07/22,府教國字第81053號,(06)6522664,[737]臺南市鹽水區後宅里3鄰10-3號,30
鹽水區,臺南市鹽水區坔頭港國民小學附設幼兒園,1978/08/09,府教國字第87835號,(06)6892014,[737]臺南市鹽水區南港里9鄰202號,30
鹽水區,臺南市鹽水區竹埔國民小學附設幼兒園,1997/04/02,府教國字第053799號,(06)6551001#21,[737]臺南市鹽水區竹林里5鄰竹子脚92-1號,30
白河區,臺南市白河區白河國民小學附設幼兒園,1979/07/16,府教辦字第77587號,(06)6852177#2001,[732]臺南市白河區永安里15鄰三民路448號,60
白河區,臺南市白河區河東國民小學附設幼兒園,1978/08/09,府教國字第87835號,(06)6852896,[732]臺南市白河區河東里6鄰83-1號,30
白河區,臺南市白河區仙草實驗小學附設幼兒園,2017/08/01,南市教特(一)字第1060919098A號,(06)6852606,[732]臺南市白河區仙草里5鄰22號,15
白河區,臺南市白河區玉豐國民小學附設幼兒園,1977/10/19,府教國字第112219號,(06)6852524#14,[732]臺南市白河區玉豐里10鄰85號,30
白河區,臺南市白河區大竹國民小學附設幼兒園,1973/11/17,南府教二字第108107號,(06)6856212,[732]臺南市白河區大竹里1鄰3號,30
白河區,臺南市白河區竹門國民小學附設幼兒園,2012/08/01,南市教幼字第1010673070號,(06)6852097,[732]臺南市白河區竹門里10鄰113號,30
白河區,臺南市白河區內角國民小學附設幼兒園,1977/10/19,府教國字第112219號,(06)6817363,[732]臺南市白河區內角里12鄰1號,30
柳營區,臺南市柳營區柳營國民小學附設幼兒園,1977/10/19,府教國字第112219號,(06)6222124#108,[736]臺南市柳營區士林里15鄰柳營路一段755號,30
柳營區,臺南市柳營區太康國民小學附設幼兒園,1977/10/19,府教國字第112219號,(06)6220684#20,[736]臺南市柳營區太康里1鄰4-1號,30
柳營區,臺南市柳營區重溪國民小學附設幼兒園,1977/10/19,府教國字第112219號,(06)6231760,[736]臺南市柳營區重溪里1鄰義士路二段2號,30
柳營區,臺南市柳營區果毅國民小學附設幼兒園,1980/07/22,府教國字第81053號,(06)6231310#271,[736]臺南市柳營區果毅里6鄰61號,30
柳營區,臺南市柳營區新山國民小學附設幼兒園,1996/04/20,府教國字第63778號,(06)6231140#67,[736]臺南市柳營區旭山里4鄰新吉庄28-1號,30
後壁區,臺南市後壁區後壁國民小學附設幼兒園,1980/07/22,府教國字第81053號,(06)6872915,[731]臺南市後壁區後壁里12鄰195號,45
後壁區,臺南市後壁區新東國民小學附設幼兒園,1995/07/11,府教國字第111448號,(06)6320902#31,[731]臺南市後壁區仕安里10鄰81號,30
後壁區,臺南市後壁區安溪國民小學附設幼兒園,1977/10/19,府教國字第112219號,(06)6361535#171,[731]臺南市後壁區長安里1鄰5號,30
後壁區,臺南市後壁區菁寮國民小學附設幼兒園,2013/08/01,南市教幼字第1020027494號,(06)6621271#18,[731]臺南市後壁區墨林里10鄰282號,30
後壁區,臺南市後壁區新嘉國民小學附設幼兒園,2000/04/27,府教國字第65096號,(06)6621981#10,[731]臺南市後壁區新嘉里19鄰210-2號,30
東山區,臺南市東山區東山國民小學附設幼兒園,1977/10/19,府教國字第112219號,(06)6803994,[733]臺南市東山區東中里4鄰龍鳳一街3號,60
東山區,臺南市東山區吉貝耍國民小學附設幼兒園,1980/07/22,府教國字第81053號,(06)6231149#218,[733]臺南市東山區東河里2鄰15號,30
東山區,臺南市東山區東原國民小學附設幼兒園,1978/08/09,府教國字第87835號,(06)6861042#101,[733]臺南市東山區東原里23鄰8號,30
東山區,臺南市東山區青山國民小學附設幼兒園,1978/08/09,府教國字第87835號,(06)6863163,[733]臺南市東山區青山里1鄰16號,30
東山區,臺南市東山區聖賢國民小學附設幼兒園,1996/04/20,府教國字第63778號,(06)6353170#27,[733]臺南市東山區聖賢里12鄰田尾29號,30
麻豆區,臺南市麻豆區麻豆國民小學附設幼兒園,1978/08/09,府教國字第87835號,(06)5716323,[721]臺南市麻豆區東角里4鄰文昌路18號,90
麻豆區,臺南市麻豆區培文國民小學附設幼兒園,1994/01/21,府教國字第006623號,(06)5720321,[721]臺南市麻豆區興農里3鄰和平路11號,60
麻豆區,臺南市麻豆區北勢國民小學附設幼兒園,1981/08/01,府教國字第73157號,(06)5722844#701,[721]臺南市麻豆區北勢里10鄰北勢寮15號,30
麻豆區,臺南市立麻豆幼兒園,1970/01/01,府社福字第175604號,(06)5715893#211,[721]臺南市麻豆區龍泉里1鄰溝仔墘2-6號,196
麻豆區,臺南市麻豆區文正國民小學附設幼兒園,1978/08/09,府教國字第87835號,(06)5722168,[721]臺南市麻豆區南勢里25鄰86號,30
麻豆區,臺南市麻豆區大山國民小學附設幼兒園,1988/03/28,府教國字第35805號,(06)5704463,[721]臺南市麻豆區大山里1鄰大山腳1號,30
麻豆區,臺南市麻豆區港尾國民小學附設幼兒園,2000/04/27,府教國字第65096號,(06)5701341#111,[721]臺南市麻豆區港尾里5鄰9號,30
麻豆區,臺南市麻豆區安業國民小學附設幼兒園,2013/08/01,南市教幼字第1020027494號,(06)5716761,[721]臺南市麻豆區安東里8鄰113號,30
麻豆區,臺南市麻豆區紀安國民小學附設幼兒園,1998/12/16,府教國字第222383號,(06)5722306,[721]臺南市麻豆區謝安里9鄰231號,30
下營區,臺南市下營區下營國民小學附設幼兒園,1978/08/09,府教國字第87835號,(06)6892181#312,[735]臺南市下營區仁里里23鄰中山路二段72號,60
下營區,臺南市下營區東興國民小學附設幼兒園,1976/10/04,南府教國字第96076號,(06)6892478#627,[735]臺南市下營區新興里4鄰東興一街112號,60
下營區,臺南市下營區中營國民小學附設幼兒園,1978/08/09,府教國字第87835號,(06)6892600#233,[735]臺南市下營區開化里4鄰270號,60
下營區,臺南市下營區賀建國民小學附設幼兒園,1998/06/02,府教國字第94824號,(06)6891109#20,[735]臺南市下營區賀建里5鄰麻豆寮49號,30
六甲區,臺南市六甲區六甲國民小學附設幼兒園,1978/08/09,府教國字第87835號,(06)6982041#208,[734]臺南市六甲區六甲里3鄰中正路319號,150
六甲區,臺南市官田區嘉南國民小學附設幼兒園,2002/06/11,府教特字第92436號,(06)6982491,[734]臺南市六甲區龍湖里11鄰珊瑚路301號,30
六甲區,臺南市六甲區林鳳國民小學附設幼兒園,2001/05/08,府教特字第65234號,(06)6983583#117,[734]臺南市六甲區中社里20鄰林鳳營240號,30
官田區,臺南市官田區官田國民小學附設幼兒園,1980/07/22,府教國字第81053號,(06)6901195#201,[720]臺南市官田區官田里1鄰11號,30
官田區,臺南市官田區隆田國民小學附設幼兒園,2001/05/08,府教特字第065234號,(06)5791047#107,[720]臺南市官田區隆田里22鄰中山路一段127號,60
官田區,臺南市官田區渡拔國民小學附設幼兒園,1995/07/11,府教國字第111448號,(06)6901908#15,[720]臺南市官田區拔林里10鄰77-1號,45
大內區,臺南市大內區大內國民小學附設幼兒園,1978/08/09,府教國字第87835號,(06)5763601,[742]臺南市大內區大內里5鄰63號,60
大內區,臺南市大內區二溪國民小學附設幼兒園,2001/05/08,府教特字第065234號,(06)5762001#210,[742]臺南市大內區二溪里3鄰154號,30
佳里區,臺南市佳里區信義國民小學附設幼兒園,2017/08/01,南市教特(一)字第1060919098D號,(06)7211918#311,[722]臺南市佳里區忠仁里14鄰信義一街336號,60
佳里區,臺南市佳里區仁愛國民小學附設幼兒園,1978/08/07,府教國字第87835號,(06)7222227,[722]臺南市佳里區鎮山里13鄰仁愛路307號,60
佳里區,臺南市佳里區佳里國民小學附設幼兒園,1977/10/19,府教國字第112219號,(06)7210657,[722]臺南市佳里區安西里33鄰公園路445號,60
佳里區,臺南市佳里區佳興國民小學附設幼兒園,1978/08/09,府教國字第87835號,(06)7260311#3,[722]臺南市佳里區佳化里22鄰214號,90
佳里區,臺南市佳里區延平國民小學附設幼兒園,2011/05/05,南市教幼字第1000330959A號,(06)7222331#701,[722]臺南市佳里區頂廍里11鄰136號,60
佳里區,臺南市佳里區通興國民小學附設幼兒園,2012/08/01,南市教幼字第1010673070號,(06)7873531#217,[722]臺南市佳里區通興里7鄰5之1號,30
佳里區,臺南市佳里區塭內國民小學附設幼兒園,2011/05/05,南市教幼字第1000330959A號,(06)7891054#731,[722]臺南市佳里區龍安里5鄰40號,60
佳里區,臺南市佳里區子龍國民小學附設幼兒園,2011/05/05,南市教幼字第1000330959A號,(06)7262913,[722]臺南市佳里區三協里5鄰潭墘5號,60
學甲區,臺南市學甲區中洲國民小學附設幼兒園,2021/08/01,南市教特(一)字第1101058403L號,(06)7833214,[726]臺南市學甲區光華里7鄰645號,15
學甲區,臺南市學甲區東陽國民小學附設幼兒園,1986/08/19,府教國字第99305號,(06)7833322#701,[726]臺南市學甲區慈福里1鄰華宗路260號,30
學甲區,臺南市立學甲幼兒園,1970/01/01,府社福字第175604號,(06)7832273,[726]臺南市學甲區秀昌里14鄰下溪洲1-11號,151
學甲區,臺南市學甲區學甲國民小學附設幼兒園,1986/05/20,府教國字第56994號,(06)7833220#337,[726]臺南市學甲區秀昌里3鄰一秀30號,60
學甲區,臺南市學甲區頂洲國民小學附設幼兒園,2021/08/01,南市教特(一)字第1101058403K號,(06)7810231,[726]臺南市學甲區三慶里8鄰頂洲108號,15
西港區,臺南市西港區港東國民小學附設幼兒園,2001/05/08,府教特字第065234號,(06)7952231#201,[723]臺南市西港區港東里9鄰雙張廍1-1號,30
西港區,臺南市西港區後營國民小學附設幼兒園,2000/04/27,府教國字第65096號,(06)7952131#709,[723]臺南市西港區營西里1鄰3號,30
西港區,臺南市西港區成功國民小學附設幼兒園,1996/04/20,府教國字第63778號,(06)7952204#2151,[723]臺南市西港區竹林里2鄰11號,30
西港區,臺南市西港區西港國民小學附設幼兒園,1986/05/20,府教國字第56994號,(06)7952005#111,[723]臺南市西港區慶安里13鄰進學街60號,30
七股區,臺南市七股區後港國民小學附設幼兒園,2017/08/01,南市教特(一)字第1060891007E號,(06)7941305#49,[724]臺南市七股區大潭里1鄰台潭1號,15
七股區,臺南市七股區竹橋國民小學附設幼兒園,1986/05/20,府教國字第56994號,(06)7891041#13,[724]臺南市七股區竹橋里11鄰130號,30
七股區,臺南市七股區三股國民小學附設幼兒園,2012/08/01,南市教幼字第1010673070號,(06)7880744#29,[724]臺南市七股區三股里7鄰100號,60
將軍區,臺南市將軍區漚汪國民小學附設幼兒園,1977/11/24,府教國字第120022號,(06)7942012#702,[725]臺南市將軍區長榮里1鄰4號,60
將軍區,臺南市立將軍幼兒園,1970/01/01,府社福字第175604號,(06)7931378,[725]臺南市將軍區廣山里18鄰176號,152
將軍區,臺南市將軍區鯤鯓國民小學附設幼兒園,1995/07/11,府教國字第111448號,(06)7920185,[725]臺南市將軍區鯤溟里1鄰6號,30
北門區,臺南市北門區雙春國民小學附設幼兒園,1977/10/19,府教國字第112219號,(06)7863141#20,[727]臺南市北門區雙春里5鄰35-2號,15
北門區,臺南市北門區蚵寮國民小學附設幼兒園,2002/06/11,府教特字第0910092436號,(06)7863250#207,[727]臺南市北門區鯤江里2鄰791號,30
北門區,臺南市北門區北門國民小學附設幼兒園,1996/04/20,府教國字第63778號,(06)7862035#10,[727]臺南市北門區北門里2鄰舊埕3號,30
北門區,臺南市北門區錦湖國民小學附設幼兒園,2021/08/01,南市教特(一)字第1101142548號,(06)7863454,[727]臺南市北門區錦湖里8鄰75號,15
新化區,臺南市新化區新化國民小學附設幼兒園,2012/08/01,南市教幼字第1010673070號,(06)5902035,[712]臺南市新化區護國里9鄰中山路173號,60
新化區,臺南市新化區大新國民小學附設幼兒園,1980/07/22,府教國字第81053號,(06)5982953#713,[712]臺南市新化區協興里14鄰太平街176號,120
新化區,臺南市新化區正新國民小學附設幼兒園,2012/08/01,南市教幼字第1010673070號,(06)5973113#202,[712]臺南市新化區豐榮里12鄰正新路97號,90
新化區,臺南市新化區那拔國民小學附設幼兒園,1978/08/09,府教國字第87835號,(06)5911591#12,[712]臺南市新化區𦰡拔里1鄰54號,76
善化區,臺南市善化區大成國民小學附設幼兒園,1977/10/19,府教國字第112219號,(06)5837520,[741]臺南市善化區坐駕里8鄰大成路385號,120
善化區,臺南市善化區善化國民小學附設幼兒園,1978/08/09,府教國字第87835號,(06)5814176,[741]臺南市善化區文正里1鄰進學路63號,60
善化區,臺南市善化區陽明國民小學附設幼兒園,1978/08/09,府教國字第87835號,(06)5817165#223,[741]臺南市善化區胡家里4鄰300號,90
善化區,臺南市善化區善糖國民小學附設幼兒園,1974/10/18,南府教國字第103021號,(06)5817304,[741]臺南市善化區溪美里23鄰245號,30
善化區,臺南市善化區大同國民小學附設幼兒園,1977/10/19,府教國字第112219號,(06)5837352#105,[741]臺南市善化區六德里1鄰200-1號,60
善化區,臺南市善化區茄拔國民小學附設幼兒園,1978/08/09,府教國字第87835號,(06)5837031#111,[741]臺南市善化區嘉北里12鄰280號,30
善化區,臺南市善化區小新國民小學附設幼兒園,1977/10/19,府教國字第112219號,(06)5837019#3101,[741]臺南市善化區蓮潭里17鄰陽光大道366號,60
新市區,臺南市新市區新市國民小學附設幼兒園,1977/10/19,府教國字第112219號,(06)5891981#12,[744]臺南市新市區新市里1鄰中興街1號,60
新市區,臺南市立新市幼兒園,1970/01/01,府社福字第175604號,(06)5999840#20,[744]臺南市新市區新和里6鄰富強路16巷1號,90
新市區,臺南市立新市幼兒園社內分班,1999/10/07,府社福字第175604號,(06)5891071,[744]臺南市新市區社內里9鄰社內91-22號,60
新市區,臺南市立新市幼兒園大營分班,1999/10/07,府社福字第175604號,(06)5014610,[744]臺南市新市區大營里10鄰大營213號,30
新市區,臺南市立新市幼兒園大社分班,1999/10/07,府社福字第175604號,(06)5011400,[744]臺南市新市區大社里5鄰大社159號,30
新市區,臺南市新市區大社國民小學附設幼兒園,1977/10/19,府教國字第112219號,(06)5991593#818,[744]臺南市新市區大社里5鄰39號,60
新市區,臺南市立新市幼兒園港墘分班,1999/10/07,府社福字第175604號,(06)5014614,[744]臺南市新市區港墘里22鄰華美街11-1號,30
安定區,臺南市安定區安定國民小學附設幼兒園,1978/08/09,府教國字第87835號,(06)5922579#700,[745]臺南市安定區安定里3鄰1號,60
安定區,臺南市安定區南興國民小學附設幼兒園,2017/08/01,南市教特(一)字第1060891007D號,(06)5931038#276,[745]臺南市安定區六嘉里4鄰30號,30
安定區,臺南市安定區南安國民小學附設幼兒園,1977/10/19,府教國字第112219號,(06)5923899,[745]臺南市安定區南安里5鄰62號,60
山上區,臺南市山上區山上國民小學附設幼兒園,1977/10/19,府教國字第112219號,(06)5781203#86,[743]臺南市山上區南洲里4鄰42號,30
玉井區,臺南市玉井區玉井國民小學附設幼兒園,1977/10/19,府教國字第112219號,(06)5742047#201,[714]臺南市玉井區玉田里15鄰中正路1號,60
玉井區,臺南市玉井區層林國民小學附設幼兒園,2012/08/01,南市教幼字第1010673070號,(06)5745379#120,[714]臺南市玉井區層林里10鄰115號,30
楠西區,臺南市楠西區楠西國民小學附設幼兒園,1978/08/09,府教國字第87835號,(06)5751062#17,[715]臺南市楠西區楠西里25鄰四維路69號,60
南化區,臺南市南化區南化國民小學附設幼兒園,1977/10/19,府教國字第112219號,(06)5771118#207,[716]臺南市南化區南化里2鄰17號,30
南化區,臺南市南化區西埔國民小學附設幼兒園,2001/05/08,府教特字第065234號,(06)5771240#207,[716]臺南市南化區西埔里12鄰117號,30
南化區,臺南市南化區北寮國民小學附設幼兒園,1986/08/19,府教國字第99305號,(06)5772215,[716]臺南市南化區北寮里7鄰110之27號,30
南化區,臺南市南化區玉山國民小學附設幼兒園,1998/06/02,府教國字第94824號,(06)5772072,[716]臺南市南化區玉山里5鄰48之1號,30
南化區,臺南市南化區瑞峰國民小學附設幼兒園,1997/04/02,府教國字第053799號,(06)5770093#172,[716]臺南市南化區關山里4鄰96號,15
左鎮區,臺南市左鎮區光榮國民小學附設幼兒園,1980/07/22,府教國字第81053號,(06)5731658#207,[713]臺南市左鎮區榮和里13鄰61之1號,30
左鎮區,臺南市左鎮區左鎮國民小學附設幼兒園,1978/08/09,府教國字第87835號,(06)5731019#14,[713]臺南市左鎮區中正里1鄰7號,30
仁德區,臺南市仁德區長興國民小學附設幼兒園,2017/08/01,南市教特(一)字第1060919098E號,(06)2723986#511,[717]臺南市仁德區太子里1鄰土庫路6號,60
仁德區,臺南市仁德區德南國民小學附設幼兒園,2016/08/01,南市教特(一)字第1050917576號,(06)2794772,[717]臺南市仁德區後壁里22鄰中正路二段209號,90
仁德區,臺南市立仁德幼兒園,1999/10/07,府社福字第175604號,(06)2796114,[717]臺南市仁德區上崙里9鄰民安路2段436號,406
仁德區,臺南市仁德區文賢國民小學附設幼兒園,2017/08/01,南市教特(一)字第1060891007C號,(06)2661260#203,[717]臺南市仁德區保安里4鄰文賢路一段886號,30
仁德區,臺南市仁德區仁和國民小學附設幼兒園,1998/12/16,府教國字第222383號,(06)3365465,[717]臺南市仁德區仁愛里22鄰108號,30
仁德區,臺南市仁德區大甲國民小學附設幼兒園,1997/04/02,府教國字第053799號,(06)2662492#201,[717]臺南市仁德區大甲里12鄰中正西路360巷20弄42號,30
仁德區,臺南市仁德區依仁國民小學附設幼兒園,1995/07/11,府教國字第111448號,(06)2662108#701,[717]臺南市仁德區中洲里1鄰港墘3號,30
歸仁區,臺南市歸仁區歸仁國民小學附設幼兒園,1978/08/09,府教國字第87835號,(06)3304761,[711]臺南市歸仁區歸仁里1鄰文化街一段100號,60
歸仁區,臺南市歸仁區歸南國民小學附設幼兒園,1998/12/16,府教國字第222383號,(06)2304930#733,[711]臺南市歸仁區辜厝里42鄰民權南路171號,60
歸仁區,臺南市立歸仁幼兒園,1970/01/01,府社福字第175604號,(06)3308278,[711]臺南市歸仁區崙頂里2鄰信義南路98號,90
歸仁區,臺南市歸仁區大潭國民小學附設幼兒園,2012/08/01,南市教幼字第1010673070號,(06)2781953,[711]臺南市歸仁區大潭里1鄰中正南路3段97號,30
歸仁區,臺南市歸仁區保西國民小學附設幼兒園,1997/04/02,府教國字第053799號,(06)2309683,[711]臺南市歸仁區媽廟里13鄰中正北路三段60號,60
歸仁區,臺南市歸仁區文化國民小學附設幼兒園,2000/04/27,府教國字第65096號,(06)3301666#120,[711]臺南市歸仁區文化里9鄰文化街二段136號,30
關廟區,臺南市立關廟幼兒園,1970/01/01,府社福字第175604號,(06)5956998,[718]臺南市關廟區關廟里5鄰文化街3號,106
關廟區,臺南市關廟區關廟國民小學附設幼兒園,1977/10/19,府教國字第112219號,(06)5965564,[718]臺南市關廟區五甲里12鄰東安街70號,60
關廟區,臺南市關廟區五甲國民小學附設幼兒園,1978/08/09,府教國字第87835號,(06)5952155#201,[718]臺南市關廟區松腳里7鄰和平路246號,30
關廟區,臺南市關廟區深坑國民小學附設幼兒園,1998/12/16,府教國字第222383號,(06)5952409#201,[718]臺南市關廟區深坑里12鄰南雄路一段487號,30
關廟區,臺南市關廟區文和實驗小學附設幼兒園,1988/08/01,府教國字第32854號,(06)5551937#27,[718]臺南市關廟區布袋里5鄰長文街37號,30
關廟區,臺南市關廟區崇和國民小學附設幼兒園,1996/04/20,府教國字第63778號,(06)5551040#30,[718]臺南市關廟區田中里8鄰南雄南路568號,30
關廟區,臺南市關廟區保東國民小學附設幼兒園,2001/05/08,府教特字第065234號,(06)5952344#219,[718]臺南市關廟區埤頭里2鄰關新路一段776號,30
龍崎區,臺南市龍崎區龍崎國民小學附設幼兒園,1997/04/02,府教國字第053799號,(06)5941204#14,[719]臺南市龍崎區崎頂里2鄰新市子41號,38
永康區,臺南市永康區五王國民小學附設幼兒園,1998/06/02,府教國字第94824號,(06)2336842#701,[710]臺南市永康區五王里1鄰中華二路150號,60
永康區,臺南市永康區永康國民小學附設幼兒園,1978/08/09,府教國字第87835號,(06)2324462#710,[710]臺南市永康區永康里6鄰中山南路637號,180
永康區,臺南市永康區大橋國民小學附設幼兒園,1995/07/11,府教國字第111448號,(06)2033001#716,[710]臺南市永康區大橋里3鄰大橋三街173號,60
永康區,臺南市永康區大灣國民小學附設幼兒園,1978/08/09,府教國字第87835號,(06)2719024,[710]臺南市永康區東灣里15鄰大灣路283號,90
永康區,臺南市永康區崑山國民小學附設幼兒園,1998/06/02,府教國字第94824號,(06)2717949,[710]臺南市永康區崑山里44鄰國光五街72號,120
永康區,臺南市永康區西勢國民小學附設幼兒園,1977/10/19,府教國字第112219號,(06)2712841#202,[710]臺南市永康區西勢里7鄰富強路一段278號,30
永康區,臺南市永康區勝利國民小學附設幼兒園,2013/08/01,南市教幼字第1020027494號,(06)3130011#851,[710]臺南市永康區勝利里4鄰勝學路111號,60
永康區,臺南市永康區龍潭國民小學附設幼兒園,1988/01/01,府教國字第32854號,(06)2032014,[710]臺南市永康區龍潭里20鄰龍潭街214號,120
永康區,臺南市永康區三村國民小學附設幼兒園,2000/04/27,府教國字第65096號,(06)2531850#100,[710]臺南市永康區塩洲里2鄰鹽行路2號,60
永康區,臺南市永康區永信國民小學附設幼兒園,2017/08/01,南市教特(一)字第1060891007A號,(06)2320783#901,[710]臺南市永康區復華里16鄰復華七街166號,30
永康區,臺南市永康區復興國民小學附設幼兒園,1977/10/19,府教國字第112219號,(06)3130574,[710]臺南市永康區中華里22鄰華興街2號,120
東區,臺南市東區崇學國民小學附設幼兒園,1999/06/24,南市教國字第20516號,(06)2689951#123,[701]臺南市東區崇學里1鄰崇學路98號,60
東區,臺南市東區東光國民小學附設幼兒園,2009/08/06,南市教特字第09812550860號,(06)2376534#722,[701]臺南市東區東光里2鄰東光路一段39號,150
東區,臺南市東區勝利國民小學附設幼兒園,2014/08/01,南市教特(一)字第1030314718號,(06)2081861,[701]臺南市東區中西里7鄰勝利路10號,60
東區,臺南市東區崇明國民小學附設幼兒園,1999/06/24,南市教國字第20516號,(06)2673330#1001,[701]臺南市東區崇明里16鄰崇明路698號,60
東區,臺南市東區博愛國民小學附設幼兒園,1977/08/20,南市教國字第42895號,(06)2361723,[701]臺南市東區圍下里21鄰前鋒路100號,90
東區,臺南市立小康幼兒園小東分班,2009/07/07,南市社兒字第09813631430號,(06)2389931,[701]臺南市東區小東里26鄰小東路198巷24弄52號,30
東區,臺南市立忠孝國民中學附設幼兒園,2017/08/01,南市教特(一)字第1060919098F號,(06)2670495#134,[701]臺南市東區龍山里5鄰崇善路151號,30
東區,臺南市東區德高國民小學附設幼兒園,2004/05/05,南市教特字第09312520330號,(06)2681891#108,[701]臺南市東區德高里17鄰崇善路1155號,30
東區,臺南市東區大同國民小學附設幼兒園,2003/04/24,南市教特字第09212520440號,(06)2157589#861,[701]臺南市東區大福里3鄰榮譽街30號,60
東區,臺南市東區復興國民小學附設幼兒園,1999/06/24,南市教國字第20516號,(06)3319168,[701]臺南市東區復興里11鄰裕文路60號,120
南區,臺南市立第二幼兒園明德分班,2002/10/22,南市社兒字第1350677號,(06)2657344,[702]臺南市南區明德里5鄰大成路一段55號,60
南區,臺南市南區新興國民小學附設幼兒園,2017/08/01,南市教特(一)字第1060891007G號,(06)2617452,[702]臺南市南區新興里11鄰新興路22號,30
南區,臺南市立第二幼兒園,2001/09/26,南市社兒字第231559號,(06)2657334,[702]臺南市南區國宅里12鄰新孝路87號,120
南區,臺南市南區日新國民小學附設幼兒園,1994/01/14,南市教國字第01295號,(06)2916798,[702]臺南市南區日新里7鄰金華路一段473號,60
南區,臺南市南區喜樹國民小學附設幼兒園,2012/08/01,南市教幼字第1010673070號,(06)2622462,[702]臺南市南區喜東里8鄰喜樹路133號,60
南區,臺南市南區省躬國民小學附設幼兒園,1995/01/26,南市教國字第02585號,(06)2622460#100,[702]臺南市南區省躬里6鄰灣裡路70號,30
南區,臺南市南區永華國民小學附設幼兒園,2007/04/09,南市教特字第09612515930號,(06)2647003,[702]臺南市南區開南里9鄰中華西路一段2巷17號,60
南區,臺南市南區龍崗國民小學附設幼兒園,1994/01/14,南市教國字第01295號,(06)2629690,[702]臺南市南區鯤鯓里21鄰鯤鯓路147號,45
南區,臺南市立第三幼兒園灣裡分班,2009/07/08,南市社兒字第09813631950號,(06)2625564,[702]臺南市南區永寧里21鄰灣裡路263巷41號,60
北區,臺南市北區開元國民小學附設幼兒園,1993/01/18,南市教國字第01546號,(06)2375509#801,[704]臺南市北區勝安里3鄰開元路71巷32號,120
北區,臺南市北區大光國民小學附設幼兒園,1993/01/18,南市教國字第01546號,(06)2518465#122,[704]臺南市北區光武里1鄰長榮路五段277號,120
北區,臺南市立小康幼兒園文元分班,2009/07/10,南市社兒字第09813634100號,(06)2596027,[704]臺南市北區文元里15鄰和緯路3段370號,30
北區,臺南市北區文元國民小學附設幼兒園,2000/07/11,南市教特字第046122號,(06)3586942#808,[704]臺南市北區文元里6鄰海安路三段815號,30
北區,臺南市北區大港國民小學附設幼兒園,2005/03/28,南市教特字第09412512560號,(06)2505489,[704]臺南市北區大港里21鄰大港街146號,180
北區,臺南市北區立人國民小學附設幼兒園,1949/07/01,南市教字第8501號,(06)2286683,[704]臺南市北區安民里9鄰西門路三段41號,150
北區,臺南市北區公園國民小學附設幼兒園,1995/01/26,南市教國字第02585號,(06)2223291#780,[704]臺南市北區公園里18鄰公園路180號,150
北區,臺南市立小康幼兒園,2001/08/20,南市社兒字第227226號,(06)2815947,[704]臺南市北區永祥里16鄰大武街502巷1號,60
北區,臺南市北區賢北國民小學附設幼兒園,2017/08/01,南市教特(一)字第1060919098C號,(06)3501433#700,[704]臺南市北區賢北里15鄰大興街599號,30
安南區,臺南市立第四幼兒園安順分班,2008/02/05,南市社兒字第09713515940號,(06)3563074,[709]臺南市安南區安順里14鄰總安街1 段146巷90號,60
安南區,臺南市安南區安順國民小學附設幼兒園,1994/07/01,南市教國字第11623號,(06)3559451#891,[709]臺南市安南區安順里12鄰安和路三段193號,120
安南區,臺南市立第四幼兒園大同分班,2007/11/28,南市社兒字第09613618110號,(06)3561190,[709]臺南市安南區塭南里19鄰安昌街106巷24號,46
安南區,臺南市立第四幼兒園州南分班,2008/01/16,南市社兒字第09713507440號,(06)3552744,[709]臺南市安南區州南里4鄰安和路4段537巷48號,30
安南區,臺南市安南區和順國民小學附設幼兒園,1981/10/09,南市教國字第67279號,(06)3554629#181,[709]臺南市安南區州北里14鄰安和路五段178巷5號,120
安南區,臺南市立第四幼兒園頂安分班,2007/11/28,南市社兒字第09613618070號,(06)2463104,[709]臺南市安南區頂安里5鄰怡安路1段385巷40號,60
安南區,臺南市立第四幼兒園安慶分班,2007/11/28,南市社兒字第09613618130號,(06)2463140,[709]臺南市安南區安慶里6鄰長溪路1段168巷133號,30
安南區,臺南市立第四幼兒園原佃分班,2007/11/28,南市社兒字第09613616980號,(06)2550407,[709]臺南市安南區原佃里6鄰本原街一段167巷36弄46號,30
安南區,臺南市立第四幼兒園總頭分班,2008/08/01,南市社兒字第09713594490號,(06)2463045,[709]臺南市安南區總頭里6鄰長溪路2段570巷81弄14號,30
安南區,臺南市立第四幼兒園,2001/08/20,南市社兒字第227225號,(06)2471265,[709]臺南市安南區長安里17鄰長溪路3段247號,60
安南區,臺南市安南區長安國民小學附設幼兒園,2001/05/03,南市教特字第213842號,(06)2462688,[709]臺南市安南區長安里17鄰長溪路3段249號,30
安南區,臺南市立第五幼兒園,2009/07/08,南市社兒字第09813631940號,(06)2464192,[709]臺南市安南區海東里8鄰海佃路2段509巷65號,90
安南區,臺南市立第五幼兒園淵西分班,2009/07/08,南市社兒字第09813631920號,(06)2463075,[709]臺南市安南區淵西里10鄰安中路4段318號,30
安南區,臺南市立第五幼兒園十二佃分班,2001/08/29,南市社兒字第228014號,(06)2471233,[709]臺南市安南區佃東里13鄰公學路四段325號,30
安南區,臺南市安南區安佃國民小學附設幼兒園,1997/02/15,南市教國字第04955號,(06)2567642#301,[709]臺南市安南區佃西里13鄰海佃路四段493號,30
安南區,臺南市安南區南興國民小學附設幼兒園,2020/08/01,南市教特(一)字第1091065256E號,(06)2873204#102,[709]臺南市安南區南興里10鄰公學路五段627號,30
安南區,臺南市安南區學東國民小學附設幼兒園,2010/06/23,南市教特字第09912545280號,(06)2870017#27,[709]臺南市安南區學東里9鄰公學路六段589號,30
安南區,臺南市安南區土城國民小學附設幼兒園,2002/02/27,南市教特字第09102072010號,(06)2577645#880,[709]臺南市安南區城東里13鄰城北路195號,30
安南區,臺南市立第六幼兒園,2001/09/10,南市社兒字第229403號,(06)2572510,[709]臺南市安南區城中里4鄰安中路6段519巷31號,46
安南區,臺南市立第六幼兒園城南分班,2008/08/29,南市社兒字第09713608800號,(06)2572569,[709]臺南市安南區城南里4鄰城西街1段181巷3號,30
安南區,臺南市安南區青草國民小學附設幼兒園,1993/01/18,南市教國字第01546號,(06)2577631#830,[709]臺南市安南區青草里1鄰青砂街二段105巷32號,30
安南區,臺南市立第六幼兒園砂崙分班,2008/08/29,南市社兒字第09713608790號,(06)2571094,[709]臺南市安南區砂崙里2鄰城北路871巷94弄17號,30
安南區,臺南市立第六幼兒園顯宮分班,2010/03/18,南市社兒字第0991358012號,(06)2840227,[709]臺南市安南區顯宮里9鄰媽祖宮五街10號,30
安南區,臺南市安南區顯宮國民小學附設幼兒園,1994/01/14,南市教國字第01295號,(06)2841723#701,[709]臺南市安南區鹿耳里3鄰顯宮二街1號,30
安南區,臺南市安南區鎮海國民小學附設幼兒園,1999/08/01,南市教國字第20516號,(06)2841700#701,[709]臺南市安南區四草里3鄰大眾路381號,45
安南區,臺南市安南區安慶國民小學附設幼兒園,1994/01/14,南市教國字第11623號,(06)2460334#1732,[709]臺南市安南區梅花里16鄰安中路一段703巷80號,90
安南區,臺南市立海佃國民中學附設幼兒園,2017/08/01,南市教特(一)字第1060891007H號,(06)3507486#201,[709]臺南市安南區溪東里45鄰安富街166號,30
安南區,臺南市安南區海東國民小學附設幼兒園,1985/07/19,南市教國字第66677號,(06)2557531#10,[709]臺南市安南區淵中里1鄰安中路三段381號,120
安南區,臺南市立九份子國民中小學附設幼兒園,2021/08/01,南市教特(一)字第1101058403H號,(06)3507779,[709]臺南市安南區國安里9鄰九份子大道8號,60
安平區,臺南市立第三幼兒園,2001/09/13,南市社兒字第229877號,(06)2287047,[708]臺南市安平區石門里8鄰安北路42號,60
安平區,臺南市安平區石門國民小學附設幼兒園,1999/06/24,南市教國字第20516號,(06)2292498,[708]臺南市安平區石門里19鄰安平路700號,30
安平區,臺南市安平區新南國民小學附設幼兒園,1974/08/27,南市教二字第45807號,(06)2973058,[708]臺南市安平區建平里17鄰怡平路6號,120
安平區,臺南市安平區安平國民小學附設幼兒園,2012/08/01,南市教幼字第1010673070號,(06)2996735#899,[708]臺南市安平區怡平里20鄰怡平路392號,120
安平區,臺南市安平區億載國民小學附設幼兒園,2017/08/01,南市教特(一)字第1060891007F號,(06)2932371#713,[708]臺南市安平區億載里8鄰郡平路310號,60
安平區,臺南市立第三幼兒園伍德分班,2010/03/18,南市社兒字第0991358017號,(06)2287429,[708]臺南市安平區港仔里17鄰運河路13巷9號,30
中西區,臺南市中西區成功國民小學附設幼兒園,1988/03/17,省府教四字第42294號,(06)2294395#12,[700]臺南市中西區赤嵌里23鄰成功路235號,90
中西區,國立臺南大學附設實驗國民小學附設幼兒園,1949/07/01,教國字第11623號,(06)2132566#600,[700]臺南市中西區郡王里1鄰樹林街二段31號,128
中西區,臺南市立中山國民中學附設幼兒園,2017/08/01,南市教特(一)字第1060919098G號,(06)2134792,[700]臺南市中西區大南里6鄰南寧街45號,30
中西區,臺南市中西區進學國民小學附設幼兒園,1978/08/28,南市教國字第46058號,(06)2130643,[700]臺南市中西區進學里1鄰南寧街47號,90
中西區,臺南市立第一幼兒園,1946/05/01,致申文市教字第0307號,(06)2135779,[700]臺南市中西區進學里20鄰南門路26之1號,144
中西區,臺南市中西區忠義國民小學附設幼兒園,1976/07/26,南市教二字第39210號,(06)2222768#802,[700]臺南市中西區永華里18鄰忠義路二段2號,90
中西區,臺南市中西區協進國民小學附設幼兒園,1953/08/01,教國二字第13933號,(06)2202173,[700]臺南市中西區協進里1鄰金華路四段17號,270
