序號,區別,幼兒園名稱,幼兒園電話,幼兒園住址,核定總招收數,核准設立日期,設立許可文號,類型
1,新營區,臺南市新營區新進國民小學附設幼兒園,(06)6330651,[730]臺南市新營區忠政里11鄰中正路41號,60,1977/10/19,府教國字第112219號,公立
2,新營區,臺南市新營區新營國民小學附設幼兒園,(06)6326109,[730]臺南市新營區大宏里13鄰中正路4號,120,1977/10/19,府教國字第112219號,公立
3,新營區,臺南市新營區土庫國民小學附設幼兒園,(06)6362323#120,[730]臺南市新營區土庫里8鄰71-1號,30,1978/08/09,府教國字第87835號,公立
4,新營區,臺南市新營區公誠國民小學附設幼兒園,(06)6333689,[730]臺南市新營區興業里4鄰公誠街5號,60,1980/07/22,府教國字第81053號,公立
5,新營區,臺南市新營區新興國民小學附設幼兒園,(06)6523779#16,[730]臺南市新營區太南里19鄰316號,30,1978/08/09,府教國字第87835號,公立
6,新營區,臺南市新營區南梓實驗小學附設幼兒園,(06)6590607,[730]臺南市新營區南紙里11鄰太子路188號,60,1980/07/22,府教國字第81053號,公立
7,新營區,臺南市新營區新橋國民小學附設幼兒園,(06)6581343#20,[730]臺南市新營區鐵線里1鄰1號,30,2017/08/01,南市教特(一)字第1060919098B號,公立
8,新營區,臺南市新營區新民國民小學附設幼兒園,(06)6590541#10,[730]臺南市新營區新南里6鄰秦漢街118號,53,1980/07/22,府教國字第81053號,公立
9,新營區,臺南市新營區新泰國民小學附設幼兒園,(06)6330496#702,[730]臺南市新營區新東里15鄰東學路77號,30,2002/06/11,府教特字第92436號,公立
10,鹽水區,臺南市鹽水區鹽水國民小學附設幼兒園,(06)6528217#10,[737]臺南市鹽水區水秀里7鄰朝琴路137號,90,1977/10/19,府教國字第112219號,公立
11,鹽水區,臺南市鹽水區月津國民小學附設幼兒園,(06)6521061,[737]臺南市鹽水區橋南里15鄰月津路16號,60,1986/08/19,府教國字第99305號,公立
12,鹽水區,臺南市鹽水區仁光國民小學附設幼兒園,(06)6523620#27,[737]臺南市鹽水區舊營里3鄰117號,30,1998/12/16,府教國字第222383號,公立
13,鹽水區,臺南市鹽水區岸內國民小學附設幼兒園,(06)6520651,[737]臺南市鹽水區岸內里14鄰新岸內96號,30,1977/10/19,府教國字第112219號,公立
14,鹽水區,臺南市鹽水區歡雅國民小學附設幼兒園,(06)6552225,[737]臺南市鹽水區歡雅里2鄰31號,30,1978/08/09,府教國字第87835號,公立
15,鹽水區,臺南市鹽水區文昌國民小學附設幼兒園,(06)6522664,[737]臺南市鹽水區後宅里3鄰10-3號,30,1980/07/22,府教國字第81053號,公立
16,鹽水區,臺南市鹽水區竹埔國民小學附設幼兒園,(06)6551700,[737]臺南市鹽水區竹埔里5鄰92-1號,30,1997/04/02,府教國字第053799號,公立
17,鹽水區,臺南市鹽水區坔頭港國民小學附設幼兒園,(06)6892014,[737]臺南市鹽水區南港里9鄰202號,30,1978/08/09,府教國字第87835號,公立
18,白河區,臺南市白河區白河國民小學附設幼兒園,(06)6852177#2001,[732]臺南市白河區永安里15鄰三民路448號,60,1979/07/16,府教辦字第77587號,公立
19,白河區,臺南市白河區河東國民小學附設幼兒園,(06)6852896,[732]臺南市白河區河東里6鄰83-1號,30,1978/08/09,府教國字第87835號,公立
20,白河區,臺南市白河區仙草國民小學附設幼兒園,(06)6852606,[732]臺南市白河區仙草里5鄰22號,15,2017/08/01,南市教特(一)字第1060919098A號,公立
21,白河區,臺南市白河區玉豐國民小學附設幼兒園,(06)6852524#14,[732]臺南市白河區玉豐里10鄰85號,30,1977/10/19,府教國字第112219號,公立
22,白河區,臺南市白河區大竹國民小學附設幼兒園,(06)6856212,[732]臺南市白河區大竹里1鄰3號,30,1973/11/17,南府教二字第108107號,公立
23,白河區,臺南市白河區竹門國民小學附設幼兒園,(06)6852097,[732]臺南市白河區竹門里10鄰113號,30,2012/08/01,南市教幼字第1010673070號,公立
24,白河區,臺南市白河區內角國民小學附設幼兒園,(06)6817363,[732]臺南市白河區內角里12鄰1號,30,1977/10/19,府教國字第112219號,公立
25,柳營區,臺南市柳營區柳營國民小學附設幼兒園,(06)6222124#108,[736]臺南市柳營區士林里15鄰柳營路一段755號,30,1977/10/19,府教國字第112219號,公立
26,柳營區,臺南市柳營區太康國民小學附設幼兒園,(06)6220684#20,[736]臺南市柳營區太康里1鄰4-1號,30,1977/10/19,府教國字第112219號,公立
27,柳營區,臺南市柳營區重溪國民小學附設幼兒園,(06)6231760,[736]臺南市柳營區重溪里1鄰義士路二段2號,30,1977/10/19,府教國字第112219號,公立
28,柳營區,臺南市柳營區果毅國民小學附設幼兒園,(06)6234646,[736]臺南市柳營區果毅里6鄰61號,30,1980/07/22,府教國字第81053號,公立
29,柳營區,臺南市柳營區新山國民小學附設幼兒園,(06)6231140#67,[736]臺南市柳營區旭山里4鄰新吉庄28-1號,30,1996/04/20,府教國字第63778號,公立
30,後壁區,臺南市後壁區後壁國民小學附設幼兒園,(06)6872915,[731]臺南市後壁區後壁里12鄰195號,45,1980/07/22,府教國字第81053號,公立
31,後壁區,臺南市後壁區新東國民小學附設幼兒園,(06)6320902#31,[731]臺南市後壁區仕安里10鄰81號,30,1995/07/11,府教國字第111448號,公立
32,後壁區,臺南市後壁區安溪國民小學附設幼兒園,(06)6361535#171,[731]臺南市後壁區長安里1鄰5號,30,1977/10/19,府教國字第112219號,公立
33,後壁區,臺南市後壁區菁寮國民小學附設幼兒園,(06)6621271#18,[731]臺南市後壁區墨林里10鄰282號,30,2013/08/01,南市教幼字第1020027494號,公立
34,後壁區,臺南市後壁區新嘉國民小學附設幼兒園,(06)6621981#10,[731]臺南市後壁區新嘉里19鄰210-2號,30,2000/04/27,府教國字第65096號,公立
35,東山區,臺南市東山區東山國民小學附設幼兒園,(06)6803994,[733]臺南市東山區東中里4鄰龍鳳一街3號,60,1977/10/19,府教國字第112219號,公立
36,東山區,臺南市東山區吉貝耍國民小學附設幼兒園,(06)6231149#218,[733]臺南市東山區東河里2鄰15號,30,1980/07/22,府教國字第81053號,公立
37,東山區,臺南市東山區東原國民小學附設幼兒園,(06)6861042#101,[733]臺南市東山區東原里23鄰8號,30,1978/08/09,府教國字第87835號,公立
38,東山區,臺南市東山區青山國民小學附設幼兒園,(06)6863163,[733]臺南市東山區青山里1鄰16號,30,1978/08/09,府教國字第87835號,公立
39,東山區,臺南市東山區聖賢國民小學附設幼兒園,(06)6353170#27,[733]臺南市東山區聖賢里12鄰田尾29號,30,1996/04/20,府教國字第63778號,公立
40,麻豆區,臺南市麻豆區麻豆國民小學附設幼兒園,(06)5716323,[721]臺南市麻豆區東角里4鄰文昌路18號,90,1978/08/09,府教國字第87835號,公立
41,麻豆區,臺南市麻豆區培文國民小學附設幼兒園,(06)5720321,[721]臺南市麻豆區興農里3鄰和平路11號,60,1994/01/21,府教國字第006623號,公立
42,麻豆區,臺南市麻豆區北勢國民小學附設幼兒園,(06)5722844#701,[721]臺南市麻豆區北勢里10鄰北勢寮15號,30,1981/08/01,府教國字第73157號,公立
43,麻豆區,臺南市立麻豆幼兒園,(06)5715893#211,[721]臺南市麻豆區龍泉里1鄰溝仔墘2-6號,180,1970/01/01,府社福字第175604號,公立
44,麻豆區,臺南市麻豆區文正國民小學附設幼兒園,(06)5722168,[721]臺南市麻豆區南勢里25鄰86號,30,1978/08/09,府教國字第87835號,公立
45,麻豆區,臺南市麻豆區大山國民小學附設幼兒園,(06)5704463,[721]臺南市麻豆區大山里1鄰大山腳1號,30,1988/03/28,府教國字第35805號,公立
46,麻豆區,臺南市麻豆區港尾國民小學附設幼兒園,(06)5701341#111,[721]臺南市麻豆區港尾里5鄰9號,30,2000/04/27,府教國字第65096號,公立
47,麻豆區,臺南市麻豆區安業國民小學附設幼兒園,(06)5716761,[721]臺南市麻豆區安東里8鄰113號,30,2013/08/01,南市教幼字第1020027494號,公立
48,麻豆區,臺南市麻豆區紀安國民小學附設幼兒園,(06)5722306,[721]臺南市麻豆區謝安里9鄰231號,30,1998/12/16,府教國字第222383號,公立
49,下營區,臺南市下營區下營國民小學附設幼兒園,(06)6892181#317,[735]臺南市下營區仁里里23鄰中山路二段72號,60,1978/08/09,府教國字第87835號,公立
50,下營區,臺南市下營區東興國民小學附設幼兒園,(06)6892478#313,[735]臺南市下營區新興里4鄰東興一街112號,60,1976/10/04,南府教國字第96076號,公立
51,下營區,臺南市下營區中營國民小學附設幼兒園,(06)6892600#233,[735]臺南市下營區開化里4鄰270號,60,1978/08/09,府教國字第87835號,公立
52,下營區,臺南市下營區賀建國民小學附設幼兒園,(06)6891109#20,[735]臺南市下營區賀建里5鄰麻豆寮49號,30,1998/06/02,府教國字第94824號,公立
53,六甲區,臺南市六甲區六甲國民小學附設幼兒園,(06)6982041#208,[734]臺南市六甲區六甲里3鄰中正路319號,150,1978/08/09,府教國字第87835號,公立
54,六甲區,臺南市官田區嘉南國民小學附設幼兒園,(06)6982491,[734]臺南市六甲區龍湖里11鄰珊瑚路301號,30,2002/06/11,府教特字第92436號,公立
55,六甲區,臺南市六甲區林鳳國民小學附設幼兒園,(06)6983583,[734]臺南市六甲區中社里20鄰林鳳營240號,30,2001/05/08,府教特字第65234號,公立
56,官田區,臺南市官田區官田國民小學附設幼兒園,(06)6901195#201,[720]臺南市官田區官田里1鄰11號,30,1980/07/22,府教國字第81053號,公立
57,官田區,臺南市官田區隆田國民小學附設幼兒園,(06)5791047#107,[720]臺南市官田區隆田里22鄰中山路一段127號,60,2001/05/08,府教特字第065234號,公立
58,官田區,臺南市官田區渡拔國民小學附設幼兒園,(06)6901908#12,[720]臺南市官田區拔林里10鄰77-1號,45,1995/07/11,府教國字第111448號,公立
59,大內區,臺南市大內區大內國民小學附設幼兒園,(06)5763601,[742]臺南市大內區大內里5鄰63號,60,1978/08/09,府教國字第87835號,公立
60,大內區,臺南市大內區二溪國民小學附設幼兒園,(06)5762001#210,[742]臺南市大內區二溪里3鄰154號,30,2001/05/08,府教特字第065234號,公立
61,佳里區,臺南市佳里區信義國民小學附設幼兒園,(06)7211918#311,[722]臺南市佳里區忠仁里14鄰信義一街336號,30,2017/08/01,南市教特(一)字第1060919098D號,公立
62,佳里區,臺南市佳里區仁愛國民小學附設幼兒園,(06)7222227,[722]臺南市佳里區鎮山里13鄰仁愛路307號,60,1978/08/07,府教國字第87835號,公立
63,佳里區,臺南市佳里區佳里國民小學附設幼兒園,(06)7210657,[722]臺南市佳里區安西里33鄰公園路445號,60,1977/10/19,府教國字第112219號,公立
64,佳里區,臺南市佳里區佳興國民小學附設幼兒園,(06)7260311#3,[722]臺南市佳里區佳化里22鄰214號,90,1978/08/09,府教國字第87835號,公立
65,佳里區,臺南市佳里區延平國民小學附設幼兒園,(06)7222331#701,[722]臺南市佳里區頂廍里11鄰136號,60,2011/05/05,南市教幼字第1000330959A號,公立
66,佳里區,臺南市佳里區通興國民小學附設幼兒園,(06)7873531#217,[722]臺南市佳里區通興里7鄰5之1號,30,2012/08/01,南市教幼字第1010673070號,公立
67,佳里區,臺南市佳里區塭內國民小學附設幼兒園,(06)7891054#14,[722]臺南市佳里區龍安里5鄰40號,60,2011/05/05,南市教幼字第1000330959A號,公立
68,佳里區,臺南市佳里區子龍國民小學附設幼兒園,(06)7262913,[722]臺南市佳里區三協里5鄰潭墘5號,60,2011/05/05,南市教幼字第1000330959A號,公立
69,學甲區,臺南市學甲區東陽國民小學附設幼兒園,(06)7833322#701,[726]臺南市學甲區慈福里1鄰華宗路260號,30,1986/08/19,府教國字第99305號,公立
70,學甲區,臺南市立學甲幼兒園,(06)7832273,[726]臺南市學甲區秀昌里14鄰下溪洲1-11號,173,1970/01/01,府社福字第175604號,公立
71,學甲區,臺南市學甲區學甲國民小學附設幼兒園,(06)7833220#512,[726]臺南市學甲區秀昌里3鄰一秀30號,60,1986/05/20,府教國字第56994號,公立
72,西港區,臺南市西港區港東國民小學附設幼兒園,(06)7952231#201,[723]臺南市西港區港東里9鄰雙張廍1-1號,30,2001/05/08,府教特字第065234號,公立
73,西港區,臺南市西港區後營國民小學附設幼兒園,(06)7952131#709,[723]臺南市西港區營西里1鄰3號,30,2000/04/27,府教國字第65096號,公立
74,西港區,臺南市西港區成功國民小學附設幼兒園,(06)7952204,[723]臺南市西港區竹林里2鄰11號,30,1996/04/20,府教國字第63778號,公立
75,西港區,臺南市西港區西港國民小學附設幼兒園,(06)7952005#111,[723]臺南市西港區慶安里13鄰進學街60號,30,1986/05/20,府教國字第56994號,公立
76,七股區,臺南市七股區後港國民小學附設幼兒園,(06)7941305#49,[724]臺南市七股區大潭里1鄰台潭1號,15,2017/08/01,南市教特(一)字第1060891007E號,公立
77,七股區,臺南市七股區竹橋國民小學附設幼兒園,(06)7891041#13,[724]臺南市七股區竹橋里11鄰130號,30,1986/05/20,府教國字第56994號,公立
78,七股區,臺南市七股區三股國民小學附設幼兒園,(06)7880744#18,[724]臺南市七股區三股里7鄰100號,60,2012/08/01,南市教幼字第1010673070號,公立
79,將軍區,臺南市將軍區漚汪國民小學附設幼兒園,(06)7942012#702,[725]臺南市將軍區長榮里1鄰4號,60,1977/11/24,府教國字第120022號,公立
80,將軍區,臺南市立將軍幼兒園,(06)7931378,[725]臺南市將軍區廣山里18鄰176號,152,1970/01/01,府社福字第175604號,公立
81,將軍區,臺南市將軍區鯤鯓國民小學附設幼兒園,(06)7920185,[725]臺南市將軍區鯤溟里1鄰6號,30,1995/07/11,府教國字第111448號,公立
82,北門區,臺南市北門區雙春國民小學附設幼兒園,(06)7863141#20,[727]臺南市北門區雙春里5鄰35-2號,30,1977/10/19,府教國字第112219號,公立
83,北門區,臺南市北門區蚵寮國民小學附設幼兒園,(06)7863250#207,[727]臺南市北門區鯤江里2鄰791號,30,2002/06/11,府教特字第0910092436號,公立
84,北門區,臺南市北門區北門國民小學附設幼兒園,(06)7862035#10,[727]臺南市北門區北門里2鄰舊埕3號,30,1996/04/20,府教國字第63778號,公立
85,新化區,臺南市新化區新化國民小學附設幼兒園,(06)5902035,[712]臺南市新化區護國里9鄰中山路173號,30,2012/08/01,南市教幼字第1010673070號,公立
86,新化區,臺南市新化區大新國民小學附設幼兒園,(06)5985495#112,[712]臺南市新化區協興里14鄰太平街176號,105,1980/07/22,府教國字第81053號,公立
87,新化區,臺南市新化區正新國民小學附設幼兒園,(06)5973113#202,[712]臺南市新化區豐榮里12鄰正新路97號,90,2012/08/01,南市教幼字第1010673070號,公立
88,新化區,臺南市新化區那拔國民小學附設幼兒園,(06)5911591#12,[712]臺南市新化區𦰡拔里1鄰54號,76,1978/08/09,府教國字第87835號,公立
89,善化區,臺南市善化區大成國民小學附設幼兒園,(06)5837520,[741]臺南市善化區坐駕里8鄰大成路385號,120,1977/10/19,府教國字第112219號,公立
90,善化區,臺南市善化區善化國民小學附設幼兒園,(06)5814176,[741]臺南市善化區文正里1鄰進學路63號,60,1978/08/09,府教國字第87835號,公立
91,善化區,臺南市善化區陽明國民小學附設幼兒園,(06)5817165#223,[741]臺南市善化區胡家里4鄰300號,60,1978/08/09,府教國字第87835號,公立
92,善化區,臺南市善化區善糖國民小學附設幼兒園,(06)5817304,[741]臺南市善化區溪美里23鄰245號,30,1974/10/18,南府教國字第103021號,公立
93,善化區,臺南市善化區大同國民小學附設幼兒園,(06)5837352#105,[741]臺南市善化區六德里1鄰200-1號,60,1977/10/19,府教國字第112219號,公立
94,善化區,臺南市善化區茄拔國民小學附設幼兒園,(06)5837031#68,[741]臺南市善化區嘉北里12鄰280號,30,1978/08/09,府教國字第87835號,公立
95,善化區,臺南市善化區小新國民小學附設幼兒園,(06)5837019#201,[741]臺南市善化區小新里11鄰小新營97-3號,30,1977/10/19,府教國字第112219號,公立
96,新市區,臺南市新市區新市國民小學附設幼兒園,(06)5891981#12,[744]臺南市新市區新市里1鄰中興街1號,60,1977/10/19,府教國字第112219號,公立
97,新市區,臺南市立新市幼兒園,(06)5999840#20,[744]臺南市新市區新和里6鄰富強路16巷1號,90,1970/01/01,府社福字第175604號,公立
98,新市區,臺南市立新市幼兒園社內分班,(06)5891071,[744]臺南市新市區社內里9鄰社內91-22號,60,1999/10/07,府社福字第175604號,公立
99,新市區,臺南市立新市幼兒園大營分班,(06)5014610,[744]臺南市新市區大營里10鄰大營213號,30,1999/10/07,府社福字第175604號,公立
100,新市區,臺南市立新市幼兒園大社分班,(06)5011400,[744]臺南市新市區大社里5鄰大社159號,30,1999/10/07,府社福字第175604號,公立
101,新市區,臺南市新市區大社國民小學附設幼兒園,(06)5991593#818,[744]臺南市新市區大社里5鄰39號,60,1977/10/19,府教國字第112219號,公立
102,新市區,臺南市立新市幼兒園港墘分班,(06)5014614,[744]臺南市新市區港墘里22鄰華美街11-1號,30,1999/10/07,府社福字第175604號,公立
103,安定區,臺南市安定區安定國民小學附設幼兒園,(06)5922579#752,[745]臺南市安定區安定里3鄰1號,60,1978/08/09,府教國字第87835號,公立
104,安定區,臺南市安定區南興國民小學附設幼兒園,(06)5931038#276,[745]臺南市安定區六嘉里4鄰30號,30,2017/08/01,南市教特(一)字第1060891007D號,公立
105,安定區,臺南市安定區南安國民小學附設幼兒園,(06)5923899,[745]臺南市安定區南安里5鄰62號,60,1977/10/19,府教國字第112219號,公立
106,山上區,臺南市山上區山上國民小學附設幼兒園,(06)5781203#86,[743]臺南市山上區南洲里4鄰42號,30,1977/10/19,府教國字第112219號,公立
107,玉井區,臺南市玉井區玉井國民小學附設幼兒園,(06)5742047#201,[714]臺南市玉井區玉田里15鄰中正路1號,60,1977/10/19,府教國字第112219號,公立
108,玉井區,臺南市玉井區層林國民小學附設幼兒園,(06)5745379#120,[714]臺南市玉井區層林里10鄰115號,30,2012/08/01,南市教幼字第1010673070號,公立
109,楠西區,臺南市楠西區楠西國民小學附設幼兒園,(06)5751062#17,[715]臺南市楠西區楠西里25鄰四維路69號,60,1978/08/09,府教國字第87835號,公立
110,南化區,臺南市南化區南化國民小學附設幼兒園,(06)5771118#207,[716]臺南市南化區南化里2鄰17號,30,1977/10/19,府教國字第112219號,公立
111,南化區,臺南市南化區西埔國民小學附設幼兒園,(06)5771240#207,[716]臺南市南化區西埔里12鄰117號,30,2001/05/08,府教特字第065234號,公立
112,南化區,臺南市南化區北寮國民小學附設幼兒園,(06)5772215,[716]臺南市南化區北寮里7鄰110之27號,30,1986/08/19,府教國字第99305號,公立
113,南化區,臺南市南化區玉山國民小學附設幼兒園,(06)5772072,[716]臺南市南化區玉山里5鄰48之1號,30,1998/06/02,府教國字第94824號,公立
114,南化區,臺南市南化區瑞峰國民小學附設幼兒園,(06)5770093#172,[716]臺南市南化區關山里4鄰96號,15,1997/04/02,府教國字第053799號,公立
115,左鎮區,臺南市左鎮區光榮國民小學附設幼兒園,(06)5731658#27,[713]臺南市左鎮區榮和里13鄰61之1號,30,1980/07/22,府教國字第81053號,公立
116,左鎮區,臺南市左鎮區左鎮國民小學附設幼兒園,(06)5731019#14,[713]臺南市左鎮區中正里1鄰7號,30,1978/08/09,府教國字第87835號,公立
117,仁德區,臺南市仁德區長興國民小學附設幼兒園,(06)2723986#511,[717]臺南市仁德區太子里1鄰土庫路6號,30,2017/08/01,南市教特(一)字第1060919098E號,公立
118,仁德區,臺南市仁德區德南國民小學附設幼兒園,(06)2794772,[717]臺南市仁德區後壁里22鄰中正路二段209號,60,2016/08/01,南市教特(一)字第1050917576號,公立
119,仁德區,臺南市立仁德幼兒園,(06)2796114,[717]臺南市仁德區上崙里9鄰民安路2段436號,406,1999/10/07,府社福字第175604號,公立
120,仁德區,臺南市仁德區文賢國民小學附設幼兒園,(06)2661260#203,[717]臺南市仁德區保安里4鄰文賢路一段886號,30,2017/08/01,南市教特(一)字第1060891007C號,公立
121,仁德區,臺南市仁德區仁和國民小學附設幼兒園,(06)3365465,[717]臺南市仁德區仁愛里22鄰108號,30,1998/12/16,府教國字第222383號,公立
122,仁德區,臺南市仁德區大甲國民小學附設幼兒園,(06)2662492#201,[717]臺南市仁德區大甲里12鄰中正西路360巷20弄42號,30,1997/04/02,府教國字第053799號,公立
123,仁德區,臺南市仁德區依仁國民小學附設幼兒園,(06)2662108#701,[717]臺南市仁德區中洲里1鄰港墘3號,30,1995/07/11,府教國字第111448號,公立
124,歸仁區,臺南市歸仁區歸仁國民小學附設幼兒園,(06)3304761,[711]臺南市歸仁區歸仁里1鄰文化街一段100號,60,1978/08/09,府教國字第87835號,公立
125,歸仁區,臺南市歸仁區歸南國民小學附設幼兒園,(06)2304930#733,[711]臺南市歸仁區辜厝里42鄰民權南路171號,60,1998/12/16,府教國字第222383號,公立
126,歸仁區,臺南市立歸仁幼兒園許厝分班,(06)3305393,[711]臺南市歸仁區許厝里12鄰中山路一段437巷9號,30,1999/10/07,府社福字第175604號,公立
127,歸仁區,臺南市立歸仁幼兒園,(06)3308278,[711]臺南市歸仁區看西里14鄰仁愛南街288號,30,1970/01/01,府社福字第175604號,公立
128,歸仁區,臺南市立歸仁幼兒園崙頂分班,(06)3300796,[711]臺南市歸仁區崙頂里21鄰崙頂街38號,30,1999/10/07,府社福字第175604號,公立
129,歸仁區,臺南市歸仁區大潭國民小學附設幼兒園,(06)2781953,[711]臺南市歸仁區大潭里1鄰中正南路3段97號,30,2012/08/01,南市教幼字第1010673070號,公立
130,歸仁區,臺南市歸仁區保西國民小學附設幼兒園,(06)2309683,[711]臺南市歸仁區媽廟里13鄰中正北路三段60號,60,1997/04/02,府教國字第053799號,公立
131,歸仁區,臺南市歸仁區文化國民小學附設幼兒園,(06)3301666#120,[711]臺南市歸仁區文化里9鄰文化街二段136號,30,2000/04/27,府教國字第65096號,公立
132,關廟區,臺南市立關廟幼兒園,(06)5956998,[718]臺南市關廟區關廟里5鄰文化街3號,106,1970/01/01,府社福字第175604號,公立
133,關廟區,臺南市關廟區關廟國民小學附設幼兒園,(06)5965564,[718]臺南市關廟區五甲里12鄰東安街70號,60,1977/10/19,府教國字第112219號,公立
134,關廟區,臺南市關廟區五甲國民小學附設幼兒園,(06)5952155#201,[718]臺南市關廟區松腳里7鄰和平路246號,30,1978/08/09,府教國字第87835號,公立
135,關廟區,臺南市關廟區深坑國民小學附設幼兒園,(06)5952409#201,[718]臺南市關廟區深坑里12鄰南雄路一段487號,30,1998/12/16,府教國字第222383號,公立
136,關廟區,臺南市關廟區文和實驗小學附設幼兒園,(06)5551937#27,[718]臺南市關廟區布袋里5鄰長文街37號,30,1988/08/01,府教國字第32854號,公立
137,關廟區,臺南市關廟區崇和國民小學附設幼兒園,(06)5551040#40,[718]臺南市關廟區田中里8鄰南雄南路568號,30,1996/04/20,府教國字第63778號,公立
138,關廟區,臺南市關廟區保東國民小學附設幼兒園,(06)5952344#219,[718]臺南市關廟區埤頭里2鄰關新路一段776號,30,2001/05/08,府教特字第065234號,公立
139,龍崎區,臺南市龍崎區龍崎國民小學附設幼兒園,(06)5941204#14,[719]臺南市龍崎區崎頂里2鄰新市子41號,38,1997/04/02,府教國字第053799號,公立
140,永康區,臺南市永康區五王國民小學附設幼兒園,(06)2336842#701,[710]臺南市永康區五王里1鄰中華二路150號,60,1998/06/02,府教國字第94824號,公立
141,永康區,臺南市永康區永康國民小學附設幼兒園,(06)2324462#710,[710]臺南市永康區永康里6鄰中山南路637號,180,1978/08/09,府教國字第87835號,公立
142,永康區,臺南市永康區大橋國民小學附設幼兒園,(06)2033001#716,[710]臺南市永康區大橋里3鄰大橋三街173號,60,1995/07/11,府教國字第111448號,公立
143,永康區,臺南市永康區大灣國民小學附設幼兒園,(06)2719024,[710]臺南市永康區東灣里15鄰大灣路283號,90,1978/08/09,府教國字第87835號,公立
144,永康區,臺南市永康區崑山國民小學附設幼兒園,(06)2717949,[710]臺南市永康區崑山里44鄰國光五街72號,60,1998/06/02,府教國字第94824號,公立
145,永康區,臺南市永康區西勢國民小學附設幼兒園,(06)2712841#201,[710]臺南市永康區西勢里7鄰富強路一段278號,30,1977/10/19,府教國字第112219號,公立
146,永康區,臺南市永康區勝利國民小學附設幼兒園,(06)3130011#851,[710]臺南市永康區勝利里4鄰勝學路111號,30,2013/08/01,南市教幼字第1020027494號,公立
147,永康區,臺南市永康區龍潭國民小學附設幼兒園,(06)2032014,[710]臺南市永康區龍潭里20鄰龍潭街214號,90,1988/01/01,府教國字第32854號,公立
148,永康區,臺南市永康區三村國民小學附設幼兒園,(06)2531850#100,[710]臺南市永康區塩洲里2鄰鹽行路2號,60,2000/04/27,府教國字第65096號,公立
149,永康區,臺南市永康區永信國民小學附設幼兒園,(06)2320783#901,[710]臺南市永康區復華里16鄰復華七街166號,30,2017/08/01,南市教特(一)字第1060891007A號,公立
150,永康區,臺南市永康區復興國民小學附設幼兒園,(06)3130574,[710]臺南市永康區中華里22鄰華興街2號,120,1977/10/19,府教國字第112219號,公立
151,東區,臺南市東區崇學國民小學附設幼兒園,(06)2689951#123,[701]臺南市東區崇學里1鄰崇學路98號,60,1999/06/24,南市教國字第20516號,公立
152,東區,臺南市東區東光國民小學附設幼兒園,(06)2376534#722,[701]臺南市東區東光里2鄰東光路一段39號,90,2009/08/06,南市教特字第09812550860號,公立
153,東區,臺南市東區勝利國民小學附設幼兒園,(06)2081861,[701]臺南市東區中西里7鄰勝利路10號,30,2014/08/01,南市教特(一)字第1030314718號,公立
154,東區,臺南市東區崇明國民小學附設幼兒園,(06)2673330#1001,[701]臺南市東區崇明里16鄰崇明路698號,60,1999/06/24,南市教國字第20516號,公立
155,東區,臺南市東區博愛國民小學附設幼兒園,(06)2361723,[701]臺南市東區圍下里21鄰前鋒路100號,90,1977/08/20,南市教國字第42895號,公立
156,東區,臺南市立小康幼兒園小東分班,(06)2389931,[701]臺南市東區小東里26鄰小東路198巷24弄52號,30,2009/07/07,南市社兒字第09813631430號,公立
157,東區,臺南市立忠孝國民中學附設幼兒園,(06)2670495#134,[701]臺南市東區龍山里5鄰崇善路151號,30,2017/08/01,南市教特(一)字第1060919098F號,公立
158,東區,臺南市東區德高國民小學附設幼兒園,(06)2681891#108,[701]臺南市東區德高里17鄰崇善路1155號,30,2004/05/05,南市教特字第09312520330號,公立
159,東區,臺南市東區大同國民小學附設幼兒園,(06)2157589#861,[701]臺南市東區大福里25鄰榮譽街30號,60,2003/04/24,南市教特字第09212520440號,公立
160,東區,臺南市東區復興國民小學附設幼兒園,(06)3311714,[701]臺南市東區復興里11鄰裕文路60號,60,1999/06/24,南市教國字第20516號,公立
161,南區,臺南市立第二幼兒園明德分班,(06)2657344,[702]臺南市南區明德里5鄰大成路一段55號,60,2002/10/22,南市社兒字第1350677號,公立
162,南區,臺南市南區新興國民小學附設幼兒園,(06)2617452,[702]臺南市南區新興里11鄰新興路22號,30,2017/08/01,南市教特(一)字第1060891007G號,公立
163,南區,臺南市立第二幼兒園,(06)2657334,[702]臺南市南區國宅里15鄰尊南街55號,120,2001/09/26,南市社兒字第231559號,公立
164,南區,臺南市南區日新國民小學附設幼兒園,(06)2916798#10,[702]臺南市南區日新里7鄰金華路一段473號,60,1994/01/14,南市教國字第01295號,公立
165,南區,臺南市南區喜樹國民小學附設幼兒園,(06)2622462,[702]臺南市南區喜東里8鄰喜樹路133號,60,2012/08/01,南市教幼字第1010673070號,公立
166,南區,臺南市南區省躬國民小學附設幼兒園,(06)2622460#100,[702]臺南市南區省躬里6鄰灣裡路70號,30,1995/01/26,南市教國字第02585號,公立
167,南區,臺南市南區永華國民小學附設幼兒園,(06)2647003,[702]臺南市南區開南里9鄰中華西路一段2巷17號,60,2007/04/09,南市教特字第09612515930號,公立
168,南區,臺南市南區龍崗國民小學附設幼兒園,(06)2629690,[702]臺南市南區鯤鯓里21鄰鯤鯓路147號,45,1994/01/14,南市教國字第01295號,公立
169,南區,臺南市立第三幼兒園灣裡分班,(06)2625564,[702]臺南市南區永寧里21鄰灣裡路263巷41號,60,2009/07/08,南市社兒字第09813631950號,公立
170,北區,臺南市北區開元國民小學附設幼兒園,(06)2375509#305,[704]臺南市北區勝安里3鄰開元路71巷32號,120,1993/01/18,南市教國字第01546號,公立
171,北區,臺南市北區大光國民小學附設幼兒園,(06)2518465#111,[704]臺南市北區光武里1鄰長榮路五段277號,120,1993/01/18,南市教國字第01546號,公立
172,北區,臺南市立小康幼兒園文元分班,(06)2596027,[704]臺南市北區文元里15鄰和緯路3段370號,30,2009/07/10,南市社兒字第09813634100號,公立
173,北區,臺南市北區文元國民小學附設幼兒園,(06)3586942#808,[704]臺南市北區文元里6鄰海安路三段815號,30,2000/07/11,南市教特字第046122號,公立
174,北區,臺南市北區大港國民小學附設幼兒園,(06)2505489,[704]臺南市北區大港里21鄰大港街146號,90,2005/03/28,南市教特字第09412512560號,公立
175,北區,臺南市北區立人國民小學附設幼兒園,(06)2286683,[704]臺南市北區安民里9鄰西門路三段41號,150,1949/07/01,南市教字第8501號,公立
176,北區,臺南市北區公園國民小學附設幼兒園,(06)2223291#780,[704]臺南市北區公園里18鄰公園路180號,150,1995/01/26,南市教國字第02585號,公立
177,北區,臺南市立小康幼兒園,(06)2815947,[704]臺南市北區永祥里16鄰大武街502巷1號,60,2001/08/20,南市社兒字第227226號,公立
178,北區,臺南市北區賢北國民小學附設幼兒園,(06)3501433#700,[704]臺南市北區賢北里15鄰大興街599號,30,2017/08/01,南市教特(一)字第1060919098C號,公立
179,安南區,臺南市立第四幼兒園新順分班,(06)3563074,[709]臺南市安南區安順里14鄰總安街1 段146巷90號,30,2008/02/05,南市社兒字第09713515940號,公立
180,安南區,臺南市安南區安順國民小學附設幼兒園,(06)3559451#891,[709]臺南市安南區安順里12鄰安和路三段193號,60,1994/07/01,南市教國字第11623號,公立
181,安南區,臺南市立第四幼兒園大同分班,(06)3561190,[709]臺南市安南區塭南里19鄰安昌街106巷24號,30,2007/11/28,南市社兒字第09613618110號,公立
182,安南區,臺南市立第四幼兒園州南分班,(06)3552744,[709]臺南市安南區州南里4鄰安和路4段537巷48號,30,2008/01/16,南市社兒字第09713507440號,公立
183,安南區,臺南市安南區和順國民小學附設幼兒園,(06)3554629#180,[709]臺南市安南區州北里14鄰安和路五段178巷5號,120,1981/10/09,南市教國字第67279號,公立
184,安南區,臺南市立第四幼兒園頂安分班,(06)2463104,[709]臺南市安南區頂安里5鄰怡安路1段385巷40號,60,2007/11/28,南市社兒字第09613618070號,公立
185,安南區,臺南市立第四幼兒園安慶分班,(06)2463140,[709]臺南市安南區安慶里6鄰長溪路1段168巷133號,30,2007/11/28,南市社兒字第09613618130號,公立
186,安南區,臺南市立第四幼兒園原佃分班,(06)2550407,[709]臺南市安南區原佃里6鄰本原街一段167巷36弄46號,30,2007/11/28,南市社兒字第09613616980號,公立
187,安南區,臺南市立第四幼兒園總頭分班,(06)2463045,[709]臺南市安南區總頭里6鄰長溪路2段570巷81弄14號,30,2008/08/01,南市社兒字第09713594490號,公立
188,安南區,臺南市立第四幼兒園,(06)2471265,[709]臺南市安南區長安里17鄰長溪路3段247號,60,2001/08/20,南市社兒字第227225號,公立
189,安南區,臺南市安南區長安國民小學附設幼兒園,(06)2462688,[709]臺南市安南區長安里17鄰長溪路3段249號,30,2001/05/03,南市教特字第213842號,公立
190,安南區,臺南市立第四幼兒園公親分班,(06)3571385,[709]臺南市安南區公親里9鄰公學路一段211號,30,2009/07/07,南市社兒字第09813631400號,公立
191,安南區,臺南市立第五幼兒園,(06)2464192,[709]臺南市安南區海東里8鄰海佃路2段509巷65號,90,2009/07/08,南市社兒字第09813631940號,公立
192,安南區,臺南市立第五幼兒園淵西分班,(06)2463075,[709]臺南市安南區淵西里10鄰安中路4段318號,30,2009/07/08,南市社兒字第09813631920號,公立
193,安南區,臺南市立第五幼兒園十二佃分班,(06)2471233,[709]臺南市安南區佃東里13鄰公學路四段325號,30,2001/08/29,南市社兒字第228014號,公立
194,安南區,臺南市安南區安佃國民小學附設幼兒園,(06)2567642#301,[709]臺南市安南區佃西里13鄰海佃路四段493號,30,1997/02/15,南市教國字第04955號,公立
195,安南區,臺南市立第六幼兒園南興分班,(06)2872675,[709]臺南市安南區南興里3鄰安興街437號,30,2009/03/27,南市社兒字第09813563240號,公立
196,安南區,臺南市安南區學東國民小學附設幼兒園,(06)2870017#27,[709]臺南市安南區學東里9鄰公學路六段589號,30,2010/06/23,南市教特字第09912545280號,公立
197,安南區,臺南市安南區土城國民小學附設幼兒園,(06)2577645#880,[709]臺南市安南區城東里13鄰城北路195號,30,2002/02/27,南市教特字第09102072010號,公立
198,安南區,臺南市立第六幼兒園,(06)2572510,[709]臺南市安南區城中里4鄰安中路6段519巷31號,30,2001/09/10,南市社兒字第229403號,公立
199,安南區,臺南市立第六幼兒園城南分班,(06)2572569,[709]臺南市安南區城南里4鄰城西街1段181巷3號,30,2008/08/29,南市社兒字第09713608800號,公立
200,安南區,臺南市安南區青草國民小學附設幼兒園,(06)2577631#830,[709]臺南市安南區青草里1鄰青砂街二段105巷32號,30,1993/01/18,南市教國字第01546號,公立
201,安南區,臺南市立第六幼兒園砂崙分班,(06)2571094,[709]臺南市安南區砂崙里2鄰城北路871巷94弄17號,30,2008/08/29,南市社兒字第09713608790號,公立
202,安南區,臺南市立第六幼兒園顯宮分班,(06)2840227,[709]臺南市安南區顯宮里9鄰媽祖宮五街10號,30,2010/03/18,南市社兒字第0991358012號,公立
203,安南區,臺南市安南區顯宮國民小學附設幼兒園,(06)2841723#701,[709]臺南市安南區鹿耳里3鄰顯宮二街1號,30,1994/01/14,南市教國字第01295號,公立
204,安南區,臺南市立第六幼兒園四草分班,(06)2840226,[709]臺南市安南區四草里1鄰大眾六街42巷17號,30,2009/03/27,南市社兒字第09813563290號,公立
205,安南區,臺南市安南區鎮海國民小學附設幼兒園,(06)2841700#701,[709]臺南市安南區四草里3鄰大眾路381號,30,1999/08/01,南市教國字第20516號,公立
206,安南區,臺南市安南區安慶國民小學附設幼兒園,(06)2460334#1732,[709]臺南市安南區梅花里16鄰安中路一段703巷80號,90,1994/01/14,南市教國字第11623號,公立
207,安南區,臺南市立海佃國民中學附設幼兒園,(06)3507486#201,[709]臺南市安南區溪東里45鄰安富街166號,30,2017/08/01,南市教特(一)字第1060891007H號,公立
208,安南區,臺南市安南區海東國民小學附設幼兒園,(06)2557531#10,[709]臺南市安南區淵中里1鄰安中路三段381號,120,1985/07/19,南市教國字第66677號,公立
209,安平區,臺南市立第三幼兒園,(06)2287047,[708]臺南市安平區石門里8鄰安北路42號,60,2001/09/13,南市社兒字第229877號,公立
210,安平區,臺南市安平區石門國民小學附設幼兒園,(06)2292498,[708]臺南市安平區石門里19鄰安平路700號,30,1999/06/24,南市教國字第20516號,公立
211,安平區,臺南市安平區新南國民小學附設幼兒園,(06)2973058,[708]臺南市安平區建平里17鄰怡平路6號,120,1974/08/27,南市教二字第45807號,公立
212,安平區,臺南市安平區安平國民小學附設幼兒園,(06)2996735#899,[708]臺南市安平區怡平里20鄰怡平路392號,60,2012/08/01,南市教幼字第1010673070號,公立
213,安平區,臺南市安平區億載國民小學附設幼兒園,(06)2932371#713,[708]臺南市安平區億載里8鄰郡平路310號,30,2017/08/01,南市教特(一)字第1060891007F號,公立
214,安平區,臺南市立第三幼兒園伍德分班,(06)2287429,[708]臺南市安平區港仔里17鄰運河路13巷9號,30,2010/03/18,南市社兒字第0991358017號,公立
215,中西區,臺南市中西區成功國民小學附設幼兒園,(06)2294395#12,[700]臺南市中西區赤嵌里23鄰成功路235號,90,1988/03/17,省府教四字第42294號,公立
216,中西區,國立臺南大學附設實驗國民小學附設幼兒園,(06)2132566#600,[700]臺南市中西區郡王里1鄰樹林街二段31號,128,1949/07/01,教國字第11623號,公立
217,中西區,臺南市立中山國民中學附設幼兒園,(06)2134792,[700]臺南市中西區大南里6鄰南寧街45號,30,2017/08/01,南市教特(一)字第1060919098G號,公立
218,中西區,臺南市中西區進學國民小學附設幼兒園,(06)2130643,[700]臺南市中西區進學里1鄰南寧街47號,90,1978/08/28,南市教國字第46058號,公立
219,中西區,臺南市立第一幼兒園,(06)2135779,[700]臺南市中西區進學里20鄰南門路26之1號,128,1946/05/01,致申文市教字第0307號,公立
220,中西區,臺南市中西區忠義國民小學附設幼兒園,(06)2222768#801,[700]臺南市中西區永華里18鄰忠義路二段2號,90,1976/07/26,南市教二字第39210號,公立
221,中西區,臺南市中西區協進國民小學附設幼兒園,(06)2202173,[700]臺南市中西區協進里1鄰金華路四段17號,270,1953/08/01,教國二字第13933號,公立
222,新營區,臺南市私立萬是幼兒園,(06)6370106,[730]臺南市新營區民權里17鄰武昌街34號,170,1998/04/14,府社福字第064091號,私立
223,新營區,臺南市私立哈佛幼兒園,(06)6569481,[730]臺南市新營區三仙里30鄰育德十一街37號,100,1992/09/22,府社福字第127993號,私立
224,新營區,臺南市私立立上幼兒園,(06)6329771,[730]臺南市新營區大宏里8鄰文昌街40號,75,1991/04/12,府社福字第43253號,私立
225,新營區,財團法人天主教聖母無原罪方濟傳教修女會附設臺南市私立樂仁幼兒園,(06)6323733,[730]臺南市新營區大宏里8鄰民族路8號,240,1974/10/03,南府教國字第97536號,私立
226,新營區,大臺南婦女會附設臺南市私立幼兒園,(06)6569016,[730]臺南市新營區民生里7鄰民生路163巷16號、18號,80,1992/12/18,府社福字第177776號,私立
227,新營區,財團法人佛光山文教基金會附設臺南市私立小天星幼兒園,(06)6373151,[730]臺南市新營區埤寮里15鄰長榮路一段510號,240,2000/11/14,府教特字第184252號,私立
228,新營區,臺南市私立新天使幼兒園,(06)6359856,[730]臺南市新營區護鎮里2鄰中正路479巷45號,180,2004/01/28,府教特字第0930015763號,私立
229,新營區,臺南市私立大華幼兒園,(06)6529758,[730]臺南市新營區太北里1鄰太子宮1-11號,120,1984/03/12,府教國字第22979號,私立
230,新營區,臺南市私立愛群幼兒園,(06)6572988,[730]臺南市新營區新北里29鄰金華路二段81號,150,2001/07/30,府教特字第111120號,私立
231,新營區,臺南市新營區農會附設臺南市私立幼兒園,(06)6561820,[730]臺南市新營區新北里13鄰周武街79巷21弄6號,80,2011/09/23,府社兒字第1000679783號,私立
232,新營區,臺南市私立大自然幼兒園,(06)6564726,[730]臺南市新營區新南里28鄰明清二街46號,60,1998/07/22,府社福字第129640號,私立
233,新營區,臺南市私立新營小太陽幼兒園,(06)6568889,[730]臺南市新營區新南里17鄰隋唐街69巷22號,180,1995/03/22,府教國字第044305號,私立
234,新營區,臺南市私立小太陽東興幼兒園,(06)6352221,[730]臺南市新營區新東里28鄰東興九街56號,211,1999/12/10,府教國字第211499號,私立
235,鹽水區,臺南市私立新育人幼兒園,(06)6529315,[737]臺南市鹽水區岸內里7鄰和平路632巷6弄15號,35,2000/10/05,府社福字第161743號,私立
236,鹽水區,臺南市私立大衛營幼兒園,(06)6531110,[737]臺南市鹽水區岸內里7鄰和平路335號,180,1997/03/08,府教國字第39186號,私立
237,白河區,臺南市私立舉人幼兒園,(06)6830201,[732]臺南市白河區白河里3鄰富民路37號,100,1994/10/28,府社福字第175849號,私立
238,白河區,臺南市白河區農會附設臺南市私立幼兒園,(06)6830590,[732]臺南市白河區永安里18鄰新厝子71-127號,130,2000/05/30,府社福字第84387號,私立
239,白河區,臺南市私立日光幼兒園,(06)6856811,[732]臺南市白河區庄內里7鄰中山路491號,130,2006/03/20,府社福字第0950057889號,私立
240,白河區,臺南市私立金典幼兒園,(06)6830033,[732]臺南市白河區庄內里7鄰中山路652號,60,2017/05/02,南市教特(一)字第1060430540號,私立
241,柳營區,臺南市私立小袋鼠幼兒園,(06)6225104,[736]臺南市柳營區光福里13鄰柳營路二段70號,50,2002/05/15,府社福字第0910077373號,私立
242,柳營區,臺南市私立欣榮幼兒園,(06)6222456,[736]臺南市柳營區光福里25鄰132-12號,150,1982/05/03,府教國字第39097號,私立
243,柳營區,臺南市私立夏綠蒂幼兒園,(09)81922999,[736]臺南市柳營區東昇里23鄰中山西路一段302號,90,2007/01/19,府社福字第0960018154號,私立
244,柳營區,臺南市私立華一幼兒園,(06)6223123,[736]臺南市柳營區八翁里13鄰中山西路三段490巷27號,100,1993/12/31,府社福字第204447號,私立
245,柳營區,臺南市私立貝特幼兒園,(06)6235197,[736]臺南市柳營區篤農里19鄰義士路ㄧ段661號,90,2007/06/05,府教特字第0960121172號,私立
246,後壁區,臺南市私立開心幼兒園,(06)6872793,[731]臺南市後壁區後壁里6鄰173-15號,150,1992/11/13,府社福字第156633號,私立
247,後壁區,臺南市私立名人幼兒園,(06)6881063,[731]臺南市後壁區嘉田里9鄰89-5號,100,1985/01/12,府社福字第145788號,私立
248,東山區,臺南市私立幸福幼兒園,(06)6803111,[733]臺南市東山區東山里21鄰東山320號,300,2003/06/09,府社福字第0920093186號,私立
249,東山區,臺南市私立領袖學院慈仁幼兒園,(06)6800853,[733]臺南市東山區大客里20鄰凹仔腳47號,180,1992/03/21,府社福字第36472號,私立
250,麻豆區,臺南市私立麻豆樂人幼兒園,(06)5722142,[721]臺南市麻豆區穀興里13鄰中華街22號,150,1982/04/01,府教國字第27602號,私立
251,麻豆區,臺南市私立翌愛幼兒園,(06)5720539,[721]臺南市麻豆區晋江里9鄰民權路70-31號,67,2001/07/31,府社福字第111289號,私立
252,麻豆區,臺南市私立皮卡丘幼兒園,(06)5726969,[721]臺南市麻豆區巷口里9鄰新生南路672號,80,1992/01/20,府社福字第8923號,私立
253,麻豆區,國立曾文高級家事商業職業學校附設臺南市私立幼兒園,(06)5712484,[721]臺南市麻豆區中興里16鄰和平路9號,90,2001/03/21,府社福字第41516號,私立
254,麻豆區,臺南市私立心欣幼兒園,(06)5727622,[721]臺南市麻豆區興農里3鄰新生南路375號,120,1982/02/17,府教國字第10067號,私立
255,麻豆區,臺南市私立福祐幼兒園,(06)5720101,[721]臺南市麻豆區南勢里2鄰關帝廟14-18號,204,1999/01/21,府社福字第13259號,私立
256,麻豆區,臺南市私立大地暘光幼兒園,(06)5700657,[721]臺南市麻豆區港尾里15鄰客子寮293號,80,2011/09/16,府社兒字第1000679638號,私立
257,麻豆區,臺南市私立小天使幼兒園,(06)5720359,[721]臺南市麻豆區磚井里13鄰140-38號,100,1988/04/01,府社福字第37170號,私立
258,下營區,臺南市私立群英幼兒園,(06)6891234,[735]臺南市下營區仁里里22鄰仁里街122巷23號,120,1983/06/02,府教國字第55793號,私立
259,下營區,臺南市私立小圓圓幼兒園,(06)6893112,[735]臺南市下營區新興里11鄰大同街22巷11號、大同街10、12號,230,1993/05/20,府社福字第74595號,私立
260,下營區,臺南市私立欽智幼兒園,(06)6899607,[735]臺南市下營區營前里21鄰健康路221巷22號,100,1995/12/11,府社福字第199563號,私立
261,六甲區,臺南市私立佑幼幼兒園,(06)6989651,[734]臺南市六甲區甲南里5鄰珊瑚路37號,120,1994/06/09,府社福字第89224號,私立
262,六甲區,臺南市私立安心幼兒園,(06)6994517,[734]臺南市六甲區二甲里21鄰光復街76巷25號,90,1998/03/17,府教國字第047387號,私立
263,六甲區,臺南市私立哈比斯特幼兒園,(06)6984678,[734]臺南市六甲區二甲里15鄰光明街23號,120,1983/10/19,府社福字第105366號,私立
264,官田區,臺南市私立史丹佛幼兒園,(06)6994999,[720]臺南市官田區二鎮里13鄰56-39號,260,2002/01/31,府社福字第910018041號,私立
265,官田區,臺南市私立小森林成長幼兒園,(06)6989716,[720]臺南市官田區二鎮里8鄰二鎮69之68號,220,1997/06/24,府教國字第108070號,私立
266,官田區,臺南市私立健光幼兒園,(06)5790079,[720]臺南市官田區隆本里15鄰興隆街145號,105,1988/01/18,府教國字第7561號,私立
267,官田區,臺南市私立培德幼兒園,(06)5791294,[720]臺南市官田區隆本里15鄰興隆街101號,90,1978/10/19,府教國字第109360號,私立
268,佳里區,臺南市私立正心幼兒園,(06)7224186,[722]臺南市佳里區忠仁里5鄰中山路158號,150,1974/07/12,南府教國字第65791號,私立
269,佳里區,臺南市私立維多利亞幼兒園,(06)7222126,[722]臺南市佳里區建南里21鄰祥和五街71號,95,2000/01/11,府社福字第5676號,私立
270,佳里區,臺南市私立佳里劍橋幼兒園,(06)7214147,[722]臺南市佳里區建南里26鄰公園路12號,120,1996/03/27,府教國字第050700號,私立
271,佳里區,臺南市私立善行幼兒園,(06)7221537,[722]臺南市佳里區建南里1鄰中和街92號,60,1979/10/16,府教國字第101498號,私立
272,佳里區,臺南市私立勁寶兒唯馨幼兒園,(06)7223189,[722]臺南市佳里區安西里30鄰光華街130巷47弄50號,120,2006/12/12,府教特字第0950264392號,私立
273,佳里區,臺南市私立威爾森佳里幼兒園,(06)7215811,[722]臺南市佳里區安西里23鄰49-41號,150,1999/11/16,府教國字第197448號,私立
274,佳里區,臺南市私立佳里崧安幼兒園,(06)7235691,[722]臺南市佳里區安西里36鄰佳西路392號,120,1995/11/22,府社福字第189122號,私立
275,佳里區,臺南市私立立人幼兒園,(06)7230575,[722]臺南市佳里區安西里30鄰76-2號,127,1986/12/11,府教國字第145772號,私立
276,佳里區,臺南市私立佳祥幼兒園,(06)7226883,[722]臺南市佳里區安西里20鄰公園路509號,60,1996/10/14,府社福字第178356號,私立
277,佳里區,臺南市私立聖三幼兒園,(06)7211964,[722]臺南市佳里區安西里9鄰和平街155號,120,1978/12/21,府教國字第136448號,私立
278,佳里區,臺南市私立佳佳幼兒園,(06)7221989,[722]臺南市佳里區文新里9鄰121-2號,242,1982/12/17,府教國字第133737號,私立
279,佳里區,臺南市私立泑潛幼兒園,(06)7222343,[722]臺南市佳里區文新里10鄰安西134號,139,1988/09/01,府教國字第102370號,私立
280,學甲區,臺南市私立諾貝爾幼兒園,(06)7836622,[726]臺南市學甲區慈福里13鄰中華路二段283號,120,1997/11/05,府教國字第193932號,私立
281,學甲區,臺南市慈母非營利幼兒園(財團法人臺南市私立天主教伯利恆社會福利基金會申請辦理),(06)7835953,[726]臺南市學甲區新達里5鄰華宗路517號,105,1992/09/07,府教國字第121070號,私立
282,學甲區,臺南市私立法源幼兒園,(06)7835703,[726]臺南市學甲區新達里6鄰法源路27號,200,1975/06/19,府社福字第64655號,私立
283,西港區,臺南市私立吉姆大秝荳幼兒園,(06)7951607,[723]臺南市西港區西港里1鄰27-26號,70,1978/11/04,府社福字第122541號,私立
284,西港區,臺南市私立福祺幼兒園,(06)7952436,[723]臺南市西港區慶安里4鄰中州27-1號,170,1995/01/19,府社福字第9708號,私立
285,西港區,臺南市私立華芃幼兒園,(06)7959787,[723]臺南市西港區慶安里18鄰新興街169巷13號,66,2010/07/23,府教特字第0990184098號,私立
286,西港區,臺南市私立西港意文幼兒園,(06)7954003,[723]臺南市西港區慶安里35鄰中山路77號,60,1998/03/31,府教國字第056323號,私立
287,西港區,臺南市私立哈佛人文藝術幼兒園,(06)7957371,[723]臺南市西港區慶安里8鄰新興街107巷50號,324,1999/07/17,府教國字第126078號,私立
288,七股區,臺南市七股區農會附設臺南市私立七農非營利幼兒園（臺南市政府核准申請辦理）,(06)7871711#312,[724]臺南市七股區大埕里1鄰272號,131,1970/01/01,府社福字第175604號,私立
289,北門區,臺南市北門區農會附設臺南市私立幼兒園,(06)7860472,[727]臺南市北門區北門里21鄰118-1號,120,2003/11/05,府社福字第0920188115號,私立
290,新化區,臺南市私立萌芽希望種籽幼兒園,(06)5907850,[712]臺南市新化區武安里13鄰健康路1號,35,2010/11/08,府社福字第0990285230號,私立
291,新化區,臺南市私立新化維妮幼兒園,(06)5905676,[712]臺南市新化區武安里3鄰和平街85號,75,2015/10/13,南市教特(一)字第1040977848號,私立
292,新化區,臺南市私立美士堡幼兒園,(06)5802099,[712]臺南市新化區東榮里21鄰復興路187巷9號,588,2000/03/08,府教國字第037021號,私立
293,新化區,臺南市私立吉姆幼兒園,(06)5903913,[712]臺南市新化區東榮里22鄰中興路755-1號,105,2003/05/05,府社福字第0920071799號,私立
294,新化區,臺南市私立銘幼幼兒園,(06)5985216,[712]臺南市新化區太平里4鄰中正路562號,170,2000/06/19,府社福字第96057號,私立
295,新化區,臺南市私立育善幼兒園,(06)5985428,[712]臺南市新化區太平里11鄰正新北路19號、21號、29號,210,1999/03/24,府社福字第49975號,私立
296,新化區,臺南市私立聖名幼兒園,(06)5982235,[712]臺南市新化區協興里4鄰中山路532號,90,1978/11/25,府教國字第120361號,私立
297,善化區,臺南市私立善化華盛頓幼兒園,(06)5853718,[741]臺南市善化區光文里25鄰公園路85號,148,2004/10/11,府社福字第0930194402號,私立
298,善化區,臺南市私立灣裡街幼兒園,(06)5837047,[741]臺南市善化區光文里9鄰光文路3號,250,2004/08/09,府社福字第0930147617號,私立
299,善化區,臺南市私立慧慈幼兒園,(06)5817144,[741]臺南市善化區文昌里7鄰文昌路65-6號,180,1982/07/14,府教國字第68735號,私立
300,善化區,台灣積體電路製造股份有限公司職工福利委員會附設臺南市私立台積電幼兒園,(06)5092011,[741]臺南市善化區南關里7鄰南科七路18號,180,2008/01/18,府社福字第0970016928號,私立
301,善化區,臺南市私立東東幼兒園,(06)5810988,[741]臺南市善化區南關里5鄰永安路91巷4號,150,1996/07/20,府社福字第123904號,私立
302,善化區,臺南市私立聖保羅幼兒園,(06)5811688,[741]臺南市善化區西關里13鄰興農路75號,197,1999/03/10,府教國字第40890號,私立
303,善化區,臺南市私立愛力特幼兒園,(06)5810471,[741]臺南市善化區胡家里20鄰100號,60,1997/08/25,府教國字第149655號,私立
304,新市區,臺南市私立愛迪生幼兒園,(06)5999313,[744]臺南市新市區新市里16鄰中正路323巷22弄2號,120,1997/07/28,府教國字第131823號,私立
305,新市區,臺南市私立德林國學幼兒園,(06)5896306,[744]臺南市新市區新市里12鄰中正路301巷15弄23號,266,2001/05/23,府教特字第075177號,私立
306,新市區,臺南市私立活水樹谷幼兒園,(06)5897396#2,[744]臺南市新市區豐華里5鄰活水路11號,300,2019/03/20,南市教特(一)字第1080308853號,私立
307,新市區,臺南市私立南科國際幼兒園,(06)5050188,[744]臺南市新市區三舍里9鄰大順六路8號,150,2003/09/12,府教特字第0920154006號,私立
308,新市區,臺南市私立麥迪兒南科幼兒園,(06)5053586,[744]臺南市新市區三舍里9鄰大順三路125號,65,2008/01/22,府社福字第0970021470號,私立
309,新市區,臺南市私立心之寶幼兒園,(06)5998100,[744]臺南市新市區大營里13鄰大營131-51號,70,1998/08/24,府社福字第150359號,私立
310,新市區,臺南市私立愛心幼兒園,(06)5998635,[744]臺南市新市區潭頂里14鄰537-13號,60,1997/09/25,府社福字第169931號,私立
311,新市區,臺南市私立新寶幼兒園,(06)5011671,[744]臺南市新市區港墘里6鄰民族路182號,90,1998/11/18,府社福字第205871號,私立
312,新市區,臺南市私立蕃茄幼兒園,(06)5972567,[744]臺南市新市區永就里9鄰永就94-6號,150,1999/12/21,府教國字第217122號,私立
313,安定區,臺南市私立筑園幼兒園,(06)5924237,[745]臺南市安定區蘇林里19鄰224-2號,25,1999/05/31,府社福字第94602號,私立
314,安定區,臺南市私立活水幼兒園,(06)5925088,[745]臺南市安定區港尾里10鄰港子尾54-5號,390,2001/11/01,府社福字第163681號,私立
315,安定區,臺南市私立小博士幼兒園,(06)5922090,[745]臺南市安定區港尾里3鄰15-12號,130,2000/12/15,府社福字第203713號,私立
316,安定區,臺南市私立倍幼安幼兒園,(06)5933615,[745]臺南市安定區中榮里2鄰17-3號,150,2000/12/26,府教特字第207118號,私立
317,安定區,臺南市私立慈暉幼兒園,(06)5934028,[745]臺南市安定區港口里14鄰332-4號,241,1980/07/31,府教國字第84841號,私立
318,安定區,臺南市私立米琪幼兒園,(06)5930216,[745]臺南市安定區港南里3鄰港口20-1號,80,1999/01/27,府社福字第15555號,私立
319,安定區,台南縣幼兒托育職業工會附設臺南市私立直加弄非營利幼兒園(臺南市政府委託辦理),(06)5939599,[745]臺南市安定區大同里6鄰46-2號,152,2014/07/25,南市教特(一)字第1030708829號,私立
320,山上區,臺南市私立德成幼兒園,(06)5783386,[743]臺南市山上區新莊里6鄰大庄1-70號,150,2007/02/14,府教特字第0960037606號,私立
321,玉井區,臺南市私立貝兒幼兒園,(06)5741287,[714]臺南市玉井區玉田里40鄰中華路232號,100,2003/11/25,府社福字第0920200179號,私立
322,玉井區,臺南市私立德蕾幼兒園,(06)5747195,[714]臺南市玉井區玉田里18鄰民生路432號,90,1979/06/29,府教國字第71414號,私立
323,玉井區,臺南市私立玉沙幼兒園,(06)5747534,[714]臺南市玉井區沙田里1鄰3-3號,145,1998/02/24,府社福字第032854號,私立
324,楠西區,臺南市私立吉兒堡幼兒園,(06)5752297,[715]臺南市楠西區楠西里4鄰民族路135號,48,2000/11/21,府教特字第188570號,私立
325,楠西區,臺南市私立佳安幼兒園,(06)5751626,[715]臺南市楠西區東勢里17鄰信義路57巷40號,120,2000/08/31,府社福字第139706號,私立
326,南化區,臺南市私立寶貝熊幼兒園,(06)5771630,[716]臺南市南化區南化里4鄰南化47-6號,35,2008/03/07,府社福字第0970052525號,私立
327,仁德區,臺南市私立聖母幼兒園,(06)2715103,[717]臺南市仁德區土庫里8鄰土庫路26號,120,1979/02/19,府教國字第17170號,私立
328,仁德區,臺南市私立惠群太子幼兒園,(06)2723511,[717]臺南市仁德區土庫里9鄰太子二街46號,90,1999/03/20,府社福字第47923號,私立
329,仁德區,臺南市私立聖宜幼兒園,(06)2791572,[717]臺南市仁德區仁德里3鄰仁德五街6號,140,1995/10/28,府教國字第176278號,私立
330,仁德區,私立中華醫事科技大學附設臺南市幼兒園,(06)2671214#910,[717]臺南市仁德區仁德里19鄰文華一街89號,120,2001/10/02,府社福字第145105號,私立
331,仁德區,臺南市私立仁義幼兒園,(06)2794392,[717]臺南市仁德區仁義里41鄰中正路二段936巷14號,60,1975/06/23,府教國字第60254號,私立
332,仁德區,臺南市私立育昇幼兒園,(06)2794441,[717]臺南市仁德區仁義里17鄰義林二街116號,90,2001/06/05,府教特字第81495號,私立
333,仁德區,臺南市私立大宗幼兒園,(06)2704029,[717]臺南市仁德區仁義里20鄰中山路328巷11弄2號,75,1987/11/23,府教國字第138456號,私立
334,仁德區,財團法人中華民國佛教慈濟慈善事業基金會附設臺南市私立台南大愛幼兒園,(06)2493578,[717]臺南市仁德區仁義里2鄰仁義路226號,140,2002/07/19,府社福字第0910115876號,私立
335,仁德區,臺南市私立明日之星幼兒園,(06)2796855,[717]臺南市仁德區仁義里2鄰仁義三街275號,105,2014/08/13,南市教特(一)字第1030732965號,私立
336,仁德區,臺南市私立維也納幼兒園,(06)2798432#5,[717]臺南市仁德區新田里7鄰新田一街61巷46號,220,1999/06/10,府教國字第101388號,私立
337,仁德區,臺南市私立小咪咪幼兒園,(06)2903311,[717]臺南市仁德區後壁里34鄰德洋路83號,120,2004/09/15,府社福字第0930175292號,私立
338,仁德區,臺南市私立熊寶寶幼兒園,(06)2901357,[717]臺南市仁德區後壁里33鄰德洋二街39巷16弄30號,90,1998/05/29,府教國字第93824號,私立
339,仁德區,臺南市私立愛迪堡幼兒園,(06)2798150#0000,[717]臺南市仁德區上崙里23鄰德崙路120號,240,1997/07/07,府教國字第117693號,私立
340,仁德區,嘉藥學校財團法人嘉南藥理大學附設臺南市私立嘉藥幼兒園,(06)2667331,[717]臺南市仁德區保安里11鄰二仁路一段60號,160,1995/05/12,府社福字第75032號,私立
341,仁德區,臺南市私立甜蜜幼兒園,(06)2672128,[717]臺南市仁德區成功里19鄰成功二街100號,60,1984/08/09,府教國字第86656號,私立
342,仁德區,臺南市私立仁德聖兒幼兒園,(06)2667832,[717]臺南市仁德區大甲里20鄰中正西路493號,90,1981/12/15,府教國字第131564號,私立
343,仁德區,臺南市私立寶琪幼兒園,(06)2666122,[717]臺南市仁德區中洲里3鄰28-8號,60,2001/10/08,府社福字第149142號,私立
344,歸仁區,臺南市私立吉尼斯幼兒園,(06)3300708,[711]臺南市歸仁區南保里31鄰民權八街43號,263,1996/07/08,府教國字第116691號,私立
345,歸仁區,臺南市私立育仁幼兒園,(06)2390433,[711]臺南市歸仁區南保里52鄰民權南路116、118、116之1號,271,1990/12/26,府教國字第161493號,私立
346,歸仁區,臺南市私立歸園幼兒園,(06)2305739,[711]臺南市歸仁區後市里33鄰文化街二段55號,390,1988/04/26,府教國字第48007號,私立
347,歸仁區,臺南市私立中美幼兒園,(06)3307731,[711]臺南市歸仁區後市里8鄰大順街120號,232,1999/05/04,府教國字第076663號,私立
348,歸仁區,臺南市私立至美幼兒園,(06)3308558,[711]臺南市歸仁區辜厝里10鄰民權南路191巷45號,90,1993/06/30,府教國字第98691號,私立
349,歸仁區,臺南市私立媬能幼兒園,(06)3309199,[711]臺南市歸仁區許厝里11鄰公園路157巷60號,40,2006/10/13,府社福字第0950217863號,私立
350,歸仁區,臺南市私立仁愛幼兒園,(06)3303222,[711]臺南市歸仁區看西里23鄰成功三街255號,90,2001/07/30,府教特字第111121號,私立
351,歸仁區,臺南市私立佳音幼兒園,(06)2712990,[711]臺南市歸仁區大廟里6鄰大廟一街149號,30,1984/04/21,府教國字第39734號,私立
352,歸仁區,臺南市私立至善幼兒園,(06)2304455,[711]臺南市歸仁區南興里3鄰民生北街130號,420,1982/07/24,府教國字第77912號,私立
353,歸仁區,臺南市私立新才華幼兒園,(06)2395460,[711]臺南市歸仁區歸南里3鄰中正南路一段588號,160,2018/10/22,南市教特(一)字第1071163956號,私立
354,歸仁區,臺南市私立巨光幼兒園,(06)2303489,[711]臺南市歸仁區文化里17鄰文化北街162號,160,1984/08/27,府社福字第85511號,私立
355,關廟區,臺南市私立正大幼兒園,(06)5956906,[718]臺南市關廟區北勢里13鄰仁愛路625號,95,1985/11/02,府教國字第131899號,私立
356,關廟區,臺南市私立昇良幼兒園,(06)5959961,[718]臺南市關廟區北勢里7鄰花園三街101號,135,1991/05/21,府社福字第62255號,私立
357,關廟區,臺南市私立真善美幼兒園,(06)5959054,[718]臺南市關廟區五甲里16鄰東安街136、138號,228,1991/02/12,府教國字第16650號,私立
358,關廟區,臺南市私立松安幼兒園,(06)5955432,[718]臺南市關廟區東勢里6鄰松安街63巷2號,90,1984/04/23,府教國字第39733號,私立
359,關廟區,臺南市私立明德幼兒園,(06)5956277,[718]臺南市關廟區南花里12鄰明德街19號,30,1986/01/08,府教國字第152469號,私立
360,永康區,臺南市私立威爾森幼兒園,(06)2013223,[710]臺南市永康區五王里34鄰五福街71號,270,2003/11/03,府教特字第0920186248號,私立
361,永康區,臺南市私立萊恩幼兒園,(06)2326894,[710]臺南市永康區五王里29鄰振興路93號,165,1995/08/21,府社福字第136810號,私立
362,永康區,臺南市私立中華幼兒園,(06)3026529,[710]臺南市永康區五王里2鄰成功路35號,90,1981/11/25,府教國字第127275號,私立
363,永康區,臺南市私立克徠兒幼兒園,(06)3027895,[710]臺南市永康區五王里2鄰中華路392號1-3樓,90,2011/10/03,府社兒字第1000678757號,私立
364,永康區,臺南市私立互動幼兒園,(06)23020572,[710]臺南市永康區五王里7鄰中山東路282號,30,2007/08/17,府社福字第0960180890號,私立
365,永康區,臺南市私立愛佳幼兒園,(06)2323341,[710]臺南市永康區網寮里19鄰永大一路366號,150,1982/12/16,府教國字第130786號,私立
366,永康區,臺南市私立永康幼兒園,(06)2011565,[710]臺南市永康區永康里37鄰永大路二段1220號,210,1984/05/17,府教國字第49532號,私立
367,永康區,臺南市私立侑之苑幼兒園,(06)2019165,[710]臺南市永康區永康里42鄰文化路82號,170,1986/10/28,府社福字第128853號,私立
368,永康區,臺南市私立幼華幼兒園,(06)2322576,[710]臺南市永康區埔園里2鄰中山路94巷7號,108,1984/07/10,府教國字第74919號,私立
369,永康區,臺南市私立德安幼兒園,(06)2013597,[710]臺南市永康區埔園里2鄰中山路94巷5號,150,1997/04/18,府教國字第064695號,私立
370,永康區,臺南市私立英格堡幼兒園,(06)2029077,[710]臺南市永康區埔園里29鄰龍埔街291巷27號,140,1996/03/28,府社福字第52044號,私立
371,永康區,臺南市私立英格爾幼兒園,(06)2029017,[710]臺南市永康區埔園里29鄰龍埔街291巷25號,79,2018/02/21,南市教特(一)字第1070204293號,私立
372,永康區,臺南市私立嬌生幼兒園,(06)2044578,[710]臺南市永康區大橋里3鄰大橋二街85號,60,2006/03/09,府教特字第0950050154號,私立
373,永康區,臺南市私立天才幼兒園,(06)2329501,[710]臺南市永康區大橋里28鄰中華路602號,180,1986/01/06,府社福字第2550號,私立
374,永康區,臺南市私立白天鵝幼兒園,(06)2310906,[710]臺南市永康區大橋里2鄰大橋一街73巷109號,162,2002/01/28,府教特字第0910016264號,私立
375,永康區,臺南市私立艾迪斯幼兒園,(06)2530325,[710]臺南市永康區塩行里12鄰鹽洲一街27號,146,1989/11/10,府教國字第146653號,私立
376,永康區,臺南市私立史塔納幼兒園,(06)2539394,[710]臺南市永康區塩行里31鄰仁愛街46-1、46-2號,40,1997/03/19,府社福字第045940號,私立
377,永康區,私立台南家專學校財團法人台南應用科技大學附設臺南市漢家幼兒園,(06)2534293,[710]臺南市永康區塩行里12鄰中正路529號,240,1983/12/21,府教國字第131678號,私立
378,永康區,臺南市私立輔仁幼兒園,(06)2714086,[710]臺南市永康區東灣里37鄰大灣一街341號,228,1983/02/01,府教國字第12345號,私立
379,永康區,臺南市私立永康文心幼兒園,(06)2711994,[710]臺南市永康區西灣里44鄰永華路191號,130,1995/08/03,府社福字第125809號,私立
380,永康區,臺南市私立童園幼兒園,(06)2731561,[710]臺南市永康區西灣里27鄰永大路二段365號,120,1997/02/11,府教國字第023001號,私立
381,永康區,臺南市私立優學幼兒園,(06)2733524,[710]臺南市永康區南灣里43鄰大灣路537巷10號,210,1996/07/19,府教國字第124846號,私立
382,永康區,私立崑山科技大學附設臺南市幼兒園,(06)2727175#319,[710]臺南市永康區崑山里8鄰崑大路195號,90,2004/12/30,府教特字第0930255679號,私立
383,永康區,臺南市私立永強繪本藝術幼兒園,(06)2723287,[710]臺南市永康區崑山里43鄰大灣路942巷371弄38號,200,1999/06/29,府社福字第113875號,私立
384,永康區,臺南市私立育智幼兒園,(06)2732286,[710]臺南市永康區崑山里27鄰大灣路1102巷17弄119號,250,1995/05/20,府社福字第80170號,私立
385,永康區,臺南市私立愛幼幼兒園,(06)2729123,[710]臺南市永康區崑山里37鄰大仁街188巷1號,234,1981/08/20,府教國字第85951號,私立
386,永康區,臺南市私立幼幼世界幼兒園,(06)2737977,[710]臺南市永康區崑山里48鄰永華路32巷23號,35,2005/11/29,府社福字第0940262340號,私立
387,永康區,臺南市私立上恩幼兒園,(06)2057007,[710]臺南市永康區北灣里35鄰大灣路40巷76號,150,2000/10/25,府社福字第173957號,私立
388,永康區,臺南市私立聖心幼兒園,(06)2710096,[710]臺南市永康區北灣里4鄰信義街102號,90,1982/06/10,府教國字第56305號,私立
389,永康區,臺南市私立永康芝蔴街幼兒園,(06)3129904,[710]臺南市永康區復國里5鄰復國一路90巷41號,150,1995/02/22,府教國字第026291號,私立
390,永康區,臺南市私立傑登幼兒園,(06)3115651,[710]臺南市永康區復國里20鄰復國一路278號,216,2009/01/07,府社福字第0980004445號,私立
391,永康區,臺南市私立吉得堡幼兒園,(06)2718404,[710]臺南市永康區西勢里7鄰富強路一段185巷14號,60,1995/06/28,府教國字第102516號,私立
392,永康區,臺南市私立新生代幼兒園,(06)3128797,[710]臺南市永康區中興里18鄰中華二路215巷15號,99,1992/07/21,府社福字第98640號,私立
393,永康區,臺南市私立敦煌幼兒園,(06)3133266,[710]臺南市永康區中興里19鄰中山東路350巷1號,190,1996/11/23,府社福字第202519號,私立
394,永康區,臺南市私立愛兒幼兒園,(06)2321308,[710]臺南市永康區龍潭里30鄰龍國街387號,120,1982/04/30,府教國字第44132號,私立
395,永康區,臺南市私立二王幼兒園,(06)2310007,[710]臺南市永康區二王里11鄰永二街393巷2號,70,2004/11/30,府社福字第0930232709號,私立
396,永康區,臺南市私立星堡幼兒園,(06)3038535,[710]臺南市永康區三合里25鄰中山東路239號,109,2005/03/03,府教特字第0940043795號,私立
397,永康區,臺南市私立郡豐幼兒園,(06)3026518,[710]臺南市永康區東橋里14鄰東橋二街8號1-3樓,270,2016/05/11,南市教特(一)字第1050424372號,私立
398,永康區,臺南市私立威爾森東橋幼兒園,(06)3026105,[710]臺南市永康區東橋里16鄰東橋一路128號,300,2016/06/15,南市教特(一)字第1050440968號,私立
399,永康區,臺南市私立何嘉仁幼兒園,(06)2019393,[710]臺南市永康區安康里8鄰中山南路119巷8號,180,2002/08/27,府社福字第0910139203號,私立
400,永康區,臺南市私立派樂特幼兒園,(06)3037788,[710]臺南市永康區安康里26鄰中華西街196巷66號,162,2000/10/13,府社福字第166997號,私立
401,永康區,臺南市私立慈恩幼兒園,(06)3012918,[710]臺南市永康區安康里23鄰中華西街122巷49號,104,2002/05/28,府社福字第0910084443號,私立
402,永康區,南臺學校財團法人南臺科技大學附設臺南市私立南臺幼兒園,(06)2533131#6506,[710]臺南市永康區尚頂里19鄰南台街1號,90,2003/07/25,府教特字第0920124016號,私立
403,永康區,臺南市私立至真幼兒園,(06)2015093,[710]臺南市永康區復華里16鄰復國二路270號,240,1993/03/18,府教國字第34592號,私立
404,永康區,臺南市私立傑尼爾幼兒園,(06)3127438,[710]臺南市永康區復華里21鄰復國一路197號,195,1999/12/30,府教國字第221959號,私立
405,永康區,臺南市私立愛森堡幼兒園,(06)2015085,[710]臺南市永康區復華里14鄰復華七街150號,303,2004/02/20,府教特字第0930031833號,私立
406,永康區,臺南市私立凱迪斯幼兒園,(06)2037917,[710]臺南市永康區正強里43鄰中正路260號,120,1995/10/19,府教國字第171844號,私立
407,永康區,臺南市私立非凡幼兒園,(06)2315935,[710]臺南市永康區正強里15鄰正強街63巷26號、正強里14鄰正強街89號,285,1996/07/31,府社福字第131931號,私立
408,永康區,臺南市私立智全幼兒園,(06)2322762,[710]臺南市永康區正強里3鄰永正路130號、中正路1巷76號,125,1996/10/18,府社福字第181315號,私立
409,永康區,臺南市私立第一堡幼兒園,(06)3115441,[710]臺南市永康區中華里2鄰華興街7號,120,2000/12/29,府教特字第210733號,私立
410,東區,臺南市私立樂貝兒幼兒園,(06)2742111,[701]臺南市東區裕農里11鄰東寧路518號,180,1995/06/10,南市社福字第17643號,私立
411,東區,臺南市私立愛麗兒幼兒園,(06)2006156,[701]臺南市東區裕農里9鄰裕農路469號,20,2007/08/15,南市社兒字第09613577630號,私立
412,東區,臺南市私立威爾森德高幼兒園,(06)2905460,[701]臺南市東區大智里40鄰永東街58號,338,2014/08/26,南市教特(一)字第1030784850號,私立
413,東區,臺南市私立智慧園幼兒園,(06)2603922,[701]臺南市東區崇學里7鄰崇德四街37號,80,1994/10/30,南市社福字第33843號,私立
414,東區,臺南市私立傑尼爾至善幼兒園,(06)2897540,[701]臺南市東區崇學里8鄰崇明十二街19號,300,1998/12/03,南市教國字第39306號,私立
415,東區,臺南市私立小太陽幼兒園,(06)2360869,[701]臺南市東區泉南里32鄰林森路一段153巷58號,124,1990/07/19,南市社福字第14216號,私立
416,東區,臺南市私立新世代人文藝術幼兒園,(06)2370639,[701]臺南市東區東光里33鄰東興路236號,100,2002/07/10,南市社兒字第225599號,私立
417,東區,社團法人台南市基督教青年會附設臺南市私立長榮幼兒園,(06)2082517,[701]臺南市東區中西里17鄰林森路二段79號,180,2009/09/10,南市社兒字第09813667090號,私立
418,東區,臺南市私立長女幼兒園,(06)2355656,[701]臺南市東區中西里14鄰長榮路二段135號,135,2003/04/07,南市社兒字第1352715號,私立
419,東區,臺南市私立新園幼兒園,(06)2746000,[701]臺南市東區中西里10鄰勝利路52巷80號,90,2002/12/17,南市社兒字第1351977號,私立
420,東區,臺南市私立人上人幼兒園,(06)2082888,[701]臺南市東區東安里5鄰長榮路二段32巷8號,120,2003/10/16,南市社兒字第1357443號,私立
421,東區,臺南市私立育寶幼兒園,(06)2884882,[701]臺南市東區崇明里1鄰崇明十三街5號、7號,31,2007/03/30,南市社兒字第09613528520號,私立
422,東區,臺南市私立耶魯幼兒園,(06)2699630,[701]臺南市東區自強里28鄰中華東路二段185巷14號,120,1996/08/17,南市教國字第28710號,私立
423,東區,臺南市私立才子幼兒園,(06)2680144,[701]臺南市東區和平里2鄰文化二街68號,150,2018/11/23,南市教特(一)字第1071320981號,私立
424,東區,臺南市私立牧群幼兒園,(06)3310700,[701]臺南市東區關聖里12鄰裕和路36號,240,1981/05/21,南市教國字第41564號,私立
425,東區,臺南市私立長欣幼兒園,(06)3313448,[701]臺南市東區關聖里28鄰裕平路89號,150,2004/07/27,南市教特字第09312534550號,私立
426,東區,臺南市私立後甲幼兒園,(06)2692204,[701]臺南市東區關聖里7鄰裕農路668巷47號,91,1975/10/19,南市社福字第51984號,私立
427,東區,臺南市私立瑩青幼兒園,(06)2605374,[701]臺南市東區崇善里26鄰崇善十三街57號,165,1999/11/03,南市社福字第143549號,私立
428,東區,臺南市私立陽光城堡幼兒園,(06)2356477,[701]臺南市東區富強里14鄰裕農路288巷137號,100,1992/05/25,南市社福字第12387號,私立
429,東區,臺南市私立愛兒堡幼兒園,(06)2388006,[701]臺南市東區富強里9鄰裕農路446巷90弄16號,40,2000/10/04,南市社兒字第232492號,私立
430,東區,臺南光華學校財團法人臺南市光華高級中學附設臺南市私立光華幼兒園,(06)2342647,[701]臺南市東區圍下里1鄰勝利路41號,210,1978/12/14,南市教國字第64731號,私立
431,東區,臺南市私立維尼寶貝幼兒園,(06)2355860,[701]臺南市東區小東里31鄰東安路251巷53號,42,2010/06/10,南市社兒字第0991365346號,私立
432,東區,臺南市私立文林幼兒園,(06)2378378,[701]臺南市東區小東里15鄰光明街82號,270,2001/07/23,南市教特字第223224號,私立
433,東區,國立成功大學附設臺南市私立員工子女幼兒園,(06)2757575#61991,[701]臺南市東區大學里20鄰大學路1之3號,120,1994/08/13,南市教國字第26037號,私立
434,東區,臺南市私立慈心幼兒園,(06)2156779,[701]臺南市東區大福里2鄰榮譽街27號,30,1998/05/07,南市社福字第211127號,私立
435,東區,臺南市私立劍聲幼兒園,(06)2691439,[701]臺南市東區忠孝里9鄰榮譽街102號,45,1998/12/16,南市社福字第40885號,私立
436,東區,臺南市私立新生幼兒園,(06)2678254,[701]臺南市東區忠孝里10鄰榮譽街192號,60,2000/02/10,南市教特字第04276號,私立
437,東區,臺南市私立維多利亞人文藝術幼兒園,(06)2900807,[701]臺南市東區忠孝里39鄰崇明路268號,110,2005/10/06,南市社兒字第09413578070號,私立
438,東區,臺南市私立怡東幼兒園,(06)2348203,[701]臺南市東區東明里2鄰怡東路32號,100,1986/03/04,南市教國字第03304號,私立
439,東區,財團法人台灣聖公會附設臺南市私立聖公會幼兒園,(06)2683771,[701]臺南市東區崇德里24鄰崇德路550巷24號,120,1981/10/02,南市教國字第67083號,私立
440,東區,臺南市私立威斯康辛幼兒園,(06)2896616,[701]臺南市東區崇德里8鄰崇善路356號,130,1999/05/06,南市社福字第14612號,私立
441,東區,臺南市私立傑尼爾富農幼兒園,(06)2906768,[701]臺南市東區東聖里22鄰富農街二段33號,150,1997/04/24,南市社福字第13686號,私立
442,東區,臺南市私立輔大幼兒園,(06)2894186,[701]臺南市東區崇成里12鄰崇明十五街16號,150,1999/09/03,南市教國字第28699號,私立
443,東區,臺南市私立新樓幼兒園,(06)2383884,[701]臺南市東區東門里11鄰青年路360號,240,1972/07/31,南市教國字第58915號,私立
444,東區,臺南市私立德光幼兒園,(06)2691995,[701]臺南市東區德光里9鄰崇德路196號,240,1982/01/22,南市教國字第23288號,私立
445,東區,財團法人福智文教基金會附設臺南市私立妙慧幼兒園,(06)2682860,[701]臺南市東區德光里18鄰崇德一街96、98號,40,2008/11/25,南市社兒字第0971362330號,私立
446,東區,臺南市私立德妮勁寶兒幼兒園,(06)2686821,[701]臺南市東區崇信里21鄰中華東路三段44巷41號,90,1994/09/24,南市社福字第30603號,私立
447,東區,臺南市私立仁和幼兒園,(06)2684079,[701]臺南市東區崇信里15鄰崇學路230巷52號,360,1974/08/31,南市教國字第46129號,私立
448,東區,臺南市私立童話世界幼兒園,(06)2603477,[701]臺南市東區崇文里25鄰崇德廿二街65號,132,1998/02/19,南市社福字第05237號,私立
449,東區,威爾森文教事業股份有限公司附設臺南市私立威爾森人文藝術幼兒園,(06)3357718,[701]臺南市東區崇文里3鄰崇德十六街17號,350,2004/08/25,南市社兒字第931356500號,私立
450,東區,財團法人台灣省台南市崇德聖堂附設臺南市私立崇德幼兒園,(06)2609843,[701]臺南市東區崇文里27鄰崇德二十三街69號,220,1993/09/04,南市社福字第27635號,私立
451,東區,財團法人台南市私立母佑會社會福利慈善基金會附設臺南市私立母佑幼兒園,(06)3310830,[701]臺南市東區南聖里8鄰裕農路798號,300,1977/09/23,南市教國字第49913號,私立
452,東區,臺南市私立元喬幼兒園,(06)3318677,[701]臺南市東區文聖里13鄰裕興街201號,99,2004/04/15,南市社兒字第931353117號,私立
453,東區,臺南市私立荷本幼兒園,(06)3316367,[701]臺南市東區文聖里11鄰裕平路122號,24,2001/01/29,南市社兒字第202943號,私立
454,南區,臺南市擇仁非營利幼兒園(委託財團法人福智文教基金會辦理),(06)7030435,[702]臺南市南區明德里6鄰南門路232號,60,2018/07/19,南市教特(一)字第1070706809號,私立
455,南區,臺南市私立新育光幼兒園,(06)2229381,[702]臺南市南區廣州里23鄰福吉五街33號,110,2011/08/10,府社兒字第1000553463號,私立
456,南區,臺南市私立金銀島幼兒園,(06)2215678,[702]臺南市南區新興里2鄰西門路一段471巷26號,60,2005/11/08,南市教特字第09412549040號,私立
457,南區,臺南市私立艾的佳幼兒園,(06)2655333,[702]臺南市南區新興里21鄰三官路211號,400,2004/02/05,南市社兒字第0931351115號,私立
458,南區,臺南市私立博學幼兒園,(06)2614527,[702]臺南市南區田寮里25鄰夏林路393號,56,2009/08/28,南市社兒字第09813657970號,私立
459,南區,臺南市私立長春藤幼兒園,(06)2648377,[702]臺南市南區田寮里2鄰新興路289、289之2號,110,1999/07/23,南市社福字第24071號,私立
460,南區,臺南市私立金蘋果幼兒園,(06)2633168,[702]臺南市南區明亮里10鄰金華路一段352巷14號,80,2001/12/04,南市社兒字第240423號,私立
461,南區,臺南市私立寶貝德蘭幼兒園,(06)2617842,[702]臺南市南區明亮里15鄰金華路一段352巷130弄6號,60,1974/12/16,南市教二字第61261號,私立
462,南區,臺南市私立心馨園幼兒園,(06)2624602,[702]臺南市南區喜東里10鄰明興路733號,40,2010/07/19,南市社兒字第0991367666號,私立
463,南區,臺南市私立喜樹歸園幼兒園,(06)2620988,[702]臺南市南區喜東里10鄰明興路746號,60,1983/05/18,南市教國字第41826號,私立
464,南區,臺南市私立米爾頓幼兒園,(06)2964955,[702]臺南市南區佛壇里14鄰灣裡路582號,150,1997/11/05,南市教國字第35589號,私立
465,南區,臺南市私立聖兒幼兒園,(06)2622090,[702]臺南市南區佛壇里10鄰灣裡路491號、493號、495號,200,1995/10/27,南市社福字第37107號,私立
466,南區,臺南市私立惠群幼兒園,(06)2677722,[702]臺南市南區大恩里7鄰國民路67號,60,1985/08/27,南市社福字第16072號,私立
467,南區,臺南市私立欣苗幼兒園,(06)2145625,[702]臺南市南區新生里10鄰大同路二段136巷5弄1號,30,2014/04/03,南市教特(一)字第1030286081號,私立
468,南區,臺南市私立新迪斯奈幼兒園,(06)2911055,[702]臺南市南區明興里9鄰金華路一段116巷1號,90,2003/07/14,南市教特字第09212518830號,私立
469,南區,臺南市私立幼芽幼兒園,(06)2913217,[702]臺南市南區明興里13鄰金華路一段66號,120,2003/07/07,南市社兒字第1354981號,私立
470,南區,臺南市私立快樂幼兒園,(06)2637941,[702]臺南市南區金華里12鄰賢南街9號,300,1987/05/13,南市社兒字第07862號,私立
471,南區,臺南市私立勝利幼兒園,(06)2620231,[702]臺南市南區建南里23鄰永成路二段811號,184,1988/09/22,南市社福字第17592號,私立
472,南區,臺南市私立大成幼兒園,(06)2611671,[702]臺南市南區府南里17鄰大成路二段177巷67號,38,2000/03/27,南市社兒字第019501號,私立
473,南區,臺南市私立紅蘋果幼兒園,(06)2918796,[702]臺南市南區府南里10鄰永成路三段399號,120,1995/03/11,南市社福字第06873號,私立
474,南區,臺南市私立甜甜幼兒園,(06)2623195,[702]臺南市南區松安里7鄰灣裡路88巷260號,240,1985/08/12,南市教國字第73345號,私立
475,北區,臺南市私立開元幼兒園,(06)2376804,[704]臺南市北區開元里1鄰北園街89號,150,1973/11/28,南市教國字第50113號,私立
476,北區,臺南市私立寶貝家庭幼兒園,(06)2385666,[704]臺南市北區力行里17鄰南園街127巷50號,49,2007/09/10,南市社兒字第09613588190號,私立
477,北區,臺南市私立東松幼兒園,(06)2743016,[704]臺南市北區華興里2鄰林森路三段193號,30,2010/02/24,南市社兒字第09913553630號,私立
478,北區,臺南市私立快樂讀經幼兒園,(06)2522045,[704]臺南市北區實踐里12鄰北門路三段27巷11號1樓,90,2014/12/08,南市教特(一)字第1031151155號,私立
479,北區,臺南市私立群力幼兒園,(06)2521602,[704]臺南市北區正風里15鄰公園路1092巷16號,76,1975/11/11,南市社福字第54266號,私立
480,北區,臺南市私立而勇幼兒園,(06)3504923,[704]臺南市北區大豐里28鄰文賢路365巷56號,210,1987/04/03,南市教國字第05194號,私立
481,北區,臺南市私立向日葵幼兒園,(06)3582623,[704]臺南市北區大豐里1鄰武聖路6號,175,1999/11/16,南市社福字第145443號,私立
482,北區,臺南市私立寶仁幼兒園,(06)2369311,[704]臺南市北區重興里12鄰開南街211巷2號,600,1966/08/11,南市教國字第31341號,私立
483,北區,社團法人台南市基督教青年會附設臺南市私立公園幼兒園,(06)2824000#51,[704]臺南市北區六甲里21鄰公園路591之31號,80,1998/05/04,南市社福字第13419號,私立
484,北區,財團法人眼淨和尚然妙和尚文教基金會附設臺南市私立正覺幼兒園,(06)2517032,[704]臺南市北區正覺里15鄰正覺街120號,210,1974/10/21,南市教國字第53269號,私立
485,北區,臺南市私立皇佳幼兒園,(06)2591111,[704]臺南市北區文元里28鄰文成路761號,330,1999/04/30,南市教國字第13782號,私立
486,北區,臺南市私立愛普樂斯幼兒園,(06)3504488,[704]臺南市北區文元里23鄰海安路三段833、835、837、839號,272,2005/12/06,南市社兒字第09413592270號,私立
487,北區,臺南市私立方圓幼兒園,(06)3589888,[704]臺南市北區文元里1鄰文賢二街457、461號,159,2009/12/09,南市社兒字第09813722700號,私立
488,北區,臺南市私立葛瑞特幼兒園,(06)3505618,[704]臺南市北區大港里6鄰大興街212巷12號、192巷11號,80,1986/05/27,南市社福字第08688號,私立
489,北區,臺南市私立育多幼兒園,(06)2590067,[704]臺南市北區大港里20鄰中華北路一段400號、402號,33,2009/01/06,南市社兒字第09813500340號,私立
490,北區,臺南市私立臺南成功幼兒園,(06)2288027,[704]臺南市北區玉皇里8鄰公園路223號,70,1984/11/01,南市社字第85629號,私立
491,北區,臺南市私立康德爾幼兒園,(06)2235155,[704]臺南市北區五福里12鄰成功路252號,36,2000/09/14,南市社兒字第064457號,私立
492,北區,臺南市私立沛愛幼兒園,(06)2829147,[704]臺南市北區成德里23鄰中華北路二段194巷20號,60,2001/07/09,南市社兒字第222158號,私立
493,北區,臺南市私立愛麗絲幼兒園,(06)2814483,[704]臺南市北區成德里20鄰育德一街81號,120,1986/12/08,南市社福字第21636號,私立
494,北區,臺南市私立柏欣幼兒園,(06)3584023,[704]臺南市北區文成里16鄰文賢路242巷41號,330,2007/09/13,南市教特字第09600906870號,私立
495,北區,臺南市私立天資幼兒園,(06)2500136,[704]臺南市北區文成里6鄰文賢一路185號,285,2004/09/17,南市社兒字第930079886號,私立
496,北區,臺南市私立奧林匹克誠光幼兒園,(06)2586641,[704]臺南市北區賢北里15鄰大興街585巷1號,100,1999/04/27,南市社福字第13512號,私立
497,北區,臺南市私立德妮湖美幼兒園,(06)2597796,[704]臺南市北區賢北里2鄰中華北路一段53巷56號,167,2004/10/13,南市社兒字第931357625號,私立
498,北區,臺南市私立安得誼幼兒園,(06)2522000,[704]臺南市北區華德里3鄰文成五街23-1號、25號、27號,242,2001/12/18,南市社兒字第241996號,私立
499,安南區,臺南市私立聖恩幼兒園,(06)3557817,[709]臺南市安南區塭南里28鄰安昌街322巷2弄1號,60,2006/07/25,南市社兒字第09513563990號,私立
500,安南區,臺南市私立佛光山慈航幼兒園,(06)3560577,[709]臺南市安南區州南里26鄰安和路四段538巷77號,200,2015/07/24,南市教特(一)字第1040691455號,私立
501,安南區,臺南市私立和順幼兒園,(06)3556873,[709]臺南市安南區州北里13鄰安和路五段81巷16號,80,1974/09/14,南市社福字第49166號,私立
502,安南區,臺南市私立意文幼兒園,(06)3554337,[709]臺南市安南區州北里17鄰安和路六段20巷1號,98,1992/08/05,南市社福字第20395號,私立
503,安南區,臺南市私立華德幼兒園,(06)2464846,[709]臺南市安南區頂安里17鄰北安路三段10號,282,2003/09/09,南市教特字第09212543100號,私立
504,安南區,臺南市私立達文西幼兒園,(06)2558254,[709]臺南市安南區頂安里7鄰怡安路一段384巷123號,203,2005/09/05,南市教特字第09412537580號,私立
505,安南區,臺南市私立上華幼兒園,(06)2465274,[709]臺南市安南區安慶里5鄰頂安街377巷1號,270,1999/04/08,南市教國字第10556號,私立
506,安南區,臺南市私立愛上學幼兒園,(06)2567630,[709]臺南市安南區安慶里14鄰安西路298號,286,2017/09/15,南市教特(一)字第1060970783號,私立
507,安南區,臺南市私立仁仁森林幼兒園,(06)2553161,[709]臺南市安南區原佃里1鄰怡安路二段516巷186、188號,292,2015/03/11,南市教特(一)字第1040217130號,私立
508,安南區,臺南市私立安琪幼兒園,(06)2464642,[709]臺南市安南區長安里9鄰長溪路三段436巷3號,56,1992/08/05,南市社福字第20396號,私立
509,安南區,臺南市私立安琪兒幼兒園,(06)2562054,[709]臺南市安南區海東里18鄰海佃路二段321號,210,2001/01/20,南市教特字第202465號,私立
510,安南區,臺南市私立芝蔴階幼兒園,(06)2454850,[709]臺南市安南區海東里17鄰同安路345號,120,1999/01/19,南市教國字第01756號,私立
511,安南區,臺南市私立愛因斯坦資優幼兒園,(06)2555565,[709]臺南市安南區海東里9鄰安吉路一段142號,200,2015/10/13,南市教特(一)字第1041008341號,私立
512,安南區,臺南市私立巧可碩幼兒園,(06)2551073,[709]臺南市安南區海西里3鄰海中街169巷64、66號,30,2006/08/16,南市社兒字第09513569780號,私立
513,安南區,社團法人中華民國林蕭專女士藝術文化協會附設臺南市私立朝日非營利幼兒園(臺南市政府核准申請辦理),(06)2568889,[709]臺南市安南區溪心里13鄰安中路三段153巷36號,120,1999/04/27,南市社福字第13511號,私立
514,安南區,臺南市私立朝陽幼兒園,(06)2462818,[709]臺南市安南區溪心里1鄰海中街300號,100,2012/05/10,南市教幼字第1010380839號,私立
515,安南區,臺南市私立康橋幼兒園,(06)2457457,[709]臺南市安南區溪心里2鄰海佃路二段631號、637號,255,2006/07/12,南市社兒字第09513559600號,私立
516,安南區,臺南市私立小孔明創客幼兒園,(06)2460030,[709]臺南市安南區溪心里28鄰智安四街96號,196,2018/10/22,南市教特(一)字第1071173194號,私立
517,安南區,臺南市私立安南幼兒園,(06)2567154,[709]臺南市安南區淵東里10鄰安中路三段400巷11、13號,180,1981/08/06,南市教國字第57333號,私立
518,安南區,臺南市私立安南幼兒園安南分班,(06)2567154,[709]臺南市安南區淵東里10鄰安中路三段400巷15號,30,2014/03/05,南市教特(一)字第1030171213號,私立
519,安南區,臺南市私立安南幼兒園安中分班,(06)2567154,[709]臺南市安南區淵東里10鄰安中路三段400巷5號,60,2017/08/03,南市教特(一)字第1060803102號,私立
520,安南區,臺南市私立娘親幼兒園,(06)2479998,[709]臺南市安南區淵西里12鄰安中路4段240巷11號,100,1997/04/22,南市社福字第13642號,私立
521,安南區,臺南市私立才碩幼兒園,(06)2575777,[709]臺南市安南區城中里8鄰城安西街27號,30,2008/11/25,南市社兒字第09713650910號,私立
522,安南區,臺南市私立樂耕幼兒園,(06)2506230,[709]臺南市安南區海佃里15鄰郡安路六段55巷140號,39,2008/08/01,南市社兒字第09713594520號,私立
523,安南區,臺南市私立光暉幼兒園,(06)2591243,[709]臺南市安南區幸福里20鄰海佃路一段95巷1號,140,1993/07/03,南市社福字第20762號,私立
524,安南區,臺南市私立至德幼兒園,(06)2563348,[709]臺南市安南區理想里1鄰同安路70號,90,1996/06/27,南市教國字第21622號,私立
525,安南區,臺南市私立新光暉幼兒園,(06)3585191,[709]臺南市安南區國安里11鄰生態街589、591、593號,300,2019/03/04,南市教特(一)字第1080268228號,私立
526,安南區,臺南市私立佑佳幼兒園,(06)2501714,[709]臺南市安南區安富里9鄰府安路五段223巷57-1號,70,1998/11/16,南市社福字第37151號,私立
527,安南區,臺南市私立南光幼兒園,(06)2450000,[709]臺南市安南區大安里10鄰大安街252號,120,1985/02/05,南市社福字第02278號,私立
528,安平區,臺南市私立聖德幼兒園,(06)2232760,[708]臺南市安平區西門里4鄰安平路850巷2號,90,1970/02/23,南市教國字第12829號,私立
529,安平區,臺南市私立愛貝文幼兒園,(06)2996601,[708]臺南市安平區建平里4鄰慶平路162、160-3號,110,1998/03/25,南市社福字第09302號,私立
530,安平區,臺南市私立示範幼兒園,(06)2999391,[708]臺南市安平區建平里8鄰府前路二段311號,265,1998/07/01,南市社兒字第232493號,私立
531,安平區,臺南市私立格林幼兒園,(06)2983639,[708]臺南市安平區怡平里25鄰永華路二段480號,90,1994/07/30,南市教國字第24842號,私立
532,安平區,臺南市私立德妮培安幼兒園,(06)2990559,[708]臺南市安平區怡平里20鄰怡平路390號,187,2002/06/14,南市社兒字第222359號,私立
533,安平區,臺南市私立金城幼兒園,(06)2970055,[708]臺南市安平區平通里22鄰育平九街374號,150,1989/10/26,南市教國字第22574號,私立
534,安平區,臺南市私立艾蒙利幼兒園,(06)2978618,[708]臺南市安平區文平里1鄰建平七街1號,100,1998/12/09,南市社福字第40166號,私立
535,安平區,臺南市私立優仕堡幼兒園,(06)2935027,[708]臺南市安平區文平里17鄰建平三街65巷26.28號,240,2004/09/09,南市社兒字第931356814號,私立
536,安平區,臺南市私立喬登幼兒園,(06)2996633,[708]臺南市安平區育平里18鄰育平四街26號,45,1999/11/23,南市社福字第147873號,私立
537,安平區,臺南市私立立家幼兒園,(06)2979450,[708]臺南市安平區億載里13鄰永華路二段1061號,45,2004/05/12,南市社兒字第930040744號,私立
538,安平區,臺南市私立喜兒坊幼兒園,(06)2957000,[708]臺南市安平區億載里17鄰健康路三段750號,150,2006/03/08,南市社兒字第09513519010號,私立
539,安平區,臺南市私立魔荳幼兒園,(06)2507906,[708]臺南市安平區平安里8鄰民權路四段315號,170,2004/05/11,南市社兒字第931353766號,私立
540,安平區,臺南市私立柏林幼兒園,(06)2506177,[708]臺南市安平區平安里3鄰民權路四段71號,210,2008/06/13,南市教特字第09712534380號,私立
541,安平區,臺南市私立傑仕堡幼兒園,(06)2411098,[708]臺南市安平區平安里8鄰安平路442號,80,2007/05/29,南市社兒字第09613547210號,私立
542,安平區,臺南市私立秀光幼兒園,(06)2288061,[708]臺南市安平區平安里10鄰安平路500巷2號,210,2007/10/02,南市社兒字第09613595190號,私立
543,安平區,臺南市私立荃心幼兒園,(06)2226334,[708]臺南市安平區平安里18鄰安北路16巷16號,28,2012/02/04,府社兒字第1010074404號,私立
544,中西區,臺南市私立新大華幼兒園,(06)2145176,[700]臺南市中西區仙草里14鄰府緯街72巷2號、4號,42,2000/03/29,南市社兒字第019281號,私立
545,中西區,臺南市私立寶寶幼兒園,(06)2133177,[700]臺南市中西區五妃里11鄰南寧街12號,40,1985/02/15,南市社福字第02919號,私立
546,中西區,臺南市私立知多幼兒園,(06)2148988,[700]臺南市中西區郡王里5鄰大埔街73號,80,1997/11/20,南市社福字第37046號,私立
547,中西區,臺南市私立哈佛蒙特梭利幼兒園,(06)2137188,[700]臺南市中西區進學里13鄰樹林街二段340號,80,1993/03/03,南市社福字第05611號,私立
548,中西區,臺南市私立哈佛蒙特梭利幼兒園小小分班,(06)2137188,[700]臺南市中西區進學里7鄰樹林街二段205號之1,45,2015/08/13,南市教特(一)字第1040763032號,私立
549,中西區,臺南市私立興文齋幼兒園,(06)2200600,[700]臺南市中西區永福里16鄰民權路二段152號,60,1985/05/11,南市教國字第08288號,私立
550,中西區,臺南市私立小牛頓幼兒園,(06)2235765,[700]臺南市中西區永華里5鄰開山路122巷56弄3號,60,2008/01/30,南市社兒字第09713512530號,私立
551,中西區,臺南市私立武聖幼兒園,(06)2593083,[700]臺南市中西區光賢里15鄰武聖路151巷49弄5號,105,1989/12/19,南市教國字第26425號,私立
552,中西區,社團法人台南市基督教青年會附設臺南市私立青年會幼兒園,(06)2267756,[700]臺南市中西區協進里1鄰民生路二段200號,129,1985/02/15,南市社福字第02920號,私立
553,中西區,臺南市私立佳恩幼兒園,(06)2952628,[700]臺南市中西區大涼里12鄰金城街25號,150,2000/06/28,南市教國字第219936號,私立
554,中西區,臺南市私立愛迪生資優幼兒園,(06)3584200,[700]臺南市中西區西湖里3鄰頂美二街48巷16號,200,1999/10/19,南市社福字第034019號,私立
555,中西區,財團法人臺南市私立衛理幼兒園,(06)2141722#11,[700]臺南市中西區小西門里10鄰健康路一段368號,360,1960/02/22,南市教字第06826號,私立
